活動名稱,封面照片,活動時間,舉辦地點,舉辦單位名稱,舉辦單位連結,活動簡介,嘉賓名單,活動連結,報名連結
光復連假騎車去 石獅神跡好有趣,,"2025.10.26 (Sun) 14:00 - 17:30 (GMT+8)
Add To Calendar",台灣屏東縣內埔鄉水門村成功路251號,,,"從屏東水門轉運站出發，騎著自己的腳踏車，或是拿出悠遊卡「嗶」一下，也能在這裡借用最方便的「微笑單車」，在我們領騎老師的帶領下，走訪美麗的屏185沿山公路。
不到25公里的里程，高度適中的爬升和下滑，是適合全家出遊的輕鬆路線。
路程中經過賽嘉巷、在大路關文化驛站好好休息，再回到水門轉運站，為一個美好的旅程畫下句點。
除了有識途老馬帶路，途中也有豐富營的美味補給，讓你意猶未盡，來了一趟還想再來一趟!
  活動路線：https://velodash.page.link/J5eF
 遊程時間：３小時（09:00-12:00)
騎行長度：來回約23公里
還沒規畫這個連假要上哪去消磨時間嗎?
跟著我們茂林領騎老師的節奏，來一趟清新、健康的自行車小旅行吧。
 本活動不含自行車，請自備自行車或於現場租用U-bike, 為騎乘安全，請配戴安全帽。此外本活動為休閒騎乘，全程無實施交通管制，請按照號誌通行，並靠道路右側來行走。
 📌重要活動須知
本活動將為所有參加者投保旅遊平安險。報名時請勿勾選「自動帶入資料」，並請務必完整填寫每位參加者的 中文姓名、身分證字號、出生年月日及聯絡電話，以利保險作業。若資料未如實填寫，主辦單位將無法負責活動當日之保險及相關理賠事宜。
本活動建議參加者年滿 12 歲，並具備基本自行車騎乘能力。未滿 12 歲之參加者，需由家長陪同。若有心血管疾病、呼吸系統疾病或其他不適合劇烈運動之健康狀況，請勿報名參加。
如遇天候不佳或其他不可抗力因素（如地震、颱風等），主辦單位將視情況調整活動辦理，並保留延期或取消之權利。
活動當日若僅為一般降雨，活動將照常舉行。惟若福隆地區經政府公告停班停課，或中央氣象署發布陸上颱風警報，活動即取消，並將另行通知參加者安排於其他場次。
活動進行期間所拍攝之照片與影像紀錄，將用於日後活動宣傳與行銷素材。如不願肖像曝光者，請於活動前主動通知主辦單位。

主辦單位保留活動修改、解釋權，如有未盡事宜，得於網站補充或修正，並公告說明。",,https://www.accupass.com/event/2510150750481624470412?utm_source=web&utm_medium=search_result_&utm_campaign=accu_e_,
跟著海走的旋律 花蓮輕旅行-樂齡主題遊程,https://static.accupass.com/eventbanner/2509190606412783575100.jpg,"2025.11.15 (Sat) 09:40 - 17:00 (GMT+8)
Add To Calendar",台灣花蓮縣新城鄉七星街79巷5號,官網,官網,"活動限定日期：114年11月15日
報名截止日期：114年11月10日 晚上11點59分
活動地點：花蓮縣七星潭海岸風景特定區
 09:40 集合出發(花蓮火車站 後站)
【花蓮觀光遊憩漁港】賞鯨體驗
【林記魚丸】DIY魚丸體驗(含午餐)
【花蓮農好基地】園區導覽解說
【七星柴魚博物館】柴魚文化導覽解說x刨刨柴魚花體驗
17:00~ 快樂回家(返回花蓮火車站 前站)
 行程費用包含:
【午餐、保險、賞鯨、DIY體驗及導覽費用】
行程費用不包含 :
【本行程表內未載明之各項開銷、個人消費或自由活動所衍生之任何費用】
報名作業須知：
請詳列姓名、生日及身分證字號，以利保險作業。
如須加購租借自行車服務，可與報名時備註，租車費用將另計。
膳食提供蛋奶素，素食者請於方案選項欄選擇素食及備註欄說明。線上預約並非保證訂位成功，仍需以收到mail或電話通知確認預約成功為準。
因路況或假日遊客眾多行程時間及順序將視情況前後更動，敬請見諒。
旅客聯絡手機請保持暢通，如因手機號碼錯誤或無法接通導致行程延誤，請旅客自行負責。
如訂購人非旅客本人，訂購人即有義務告知旅客本人各行程訂購需知與限制約定。
本遊程不負責因可歸責於旅客事由（如遲到等）所導致無法成行之損失，旅遊費用不予退還。
若遇天候不佳或不可抗拒之因素，本公司保有取消或變更行程的權利。
 行前注意事項：
本行程 20人成行即可出發，上限人數為25人。(將於出發日前二天給予行前說明資料)
請於規定時間內準時集合，報名時登記的手機請開機，以免領隊聯絡不到客人，無法上車。行程中如旅客因個人因素私自脫隊，集合不到，本公司不予退費。
行程期間天氣炎熱，建議攜帶防曬用品（如帽子、防曬乳、太陽眼鏡）及隨身水壺，適時補充水分。
請自行攜帶個人慣用隨身藥品：如過敏藥、暈車藥、感冒藥、防蚊蟲液等，主辦單位無法提供處方藥品。
行程出發前二日另行電話或mail通知相關注意事項。
此報名表經本公司客服人員於確認欄內簽名始可生效並視同雙方簽署觀光局定型化國內旅遊契約書，歡迎先向客服人員索取契約書內容,正本於出發當日簽定。
若已出發之行程，若因天候或不可抗力之事由使行程無法按原安排之遊覽計劃、交通、食宿等項目時，為顧及旅客之安全與利益著想，應由旅客負擔差額費用。
如遇天候不良或其他不可抗拒之意外情事、當以安全為先協調他項備案行程。
如遇天候不良導致行程延誤，因而產生之額外消費，需由旅客自行負擔，本公司當協助義務。
如遇颱風、地震、豪雨等大自然不可抗拒之因素，本公司保有延期出發或全額退費之權利。
旅行社保有更改景點之權利
本行程所載明之車行時間僅供參考，因路況或遇假日遊客眾多，行程順序將視情況前後更動。
取消規定：本公司作業均遵依照觀光局相關規定，與旅客簽署旅遊契約書，詳細取消規訂請參閱國內旅遊定型化契約書。通知日需以人事行政局公告之正常上班時間為依準，超過時間以下一個工作日計算，敬請見諒。",,https://www.accupass.com/event/2509160145125531737820?utm_source=web&utm_medium=search_result_&utm_campaign=accu_e_,
,https://static.accupass.com/frontend/image/event/icon_alcohol_remind.svg,,,,,,,https://www.accupass.com/event/2510080923061744044662?utm_source=web&utm_medium=search_result_&utm_campaign=accu_e_,
【阿里山秘境.森林鐵道】眠月線 一日遊┃山行旅,https://static.accupass.com/eventbanner/2510171725311922535058.jpg,"2025.12.07 (Sun) 05:55 - 17:00 (GMT+8)
Add To Calendar",台灣嘉義縣眠月線,山行旅Facebook粉專,山行旅Facebook粉專,"▌眠月線
眠月線為1913年起開發之塔山線，起於阿里山新站，止於石猴站，1915年正式完工通車，為阿里山林場線鐵路兩條主要主線之一。 1999年因921大地震，整條路線坍方崩壞，眠月線鐵路嚴重毀損而暫停行駛，八八風災後鐵道舊線及車站更顯頹圮不堪，然而，斑駁錯落的時空感，卻更顯眠月線之難得與靈氣，為回溯台灣林業史必走之路徑。
 ▌活動資訊
活動日期：2025 年 12 月 7 日
集合時間：05:55
集合地點：嘉義火車站 前站
＊本行程需一個月前(11/6)抽籤，請確保資料需填寫完整
▌路線資訊
活動時間：05:55 - 17:00
路線難度：★★☆☆☆
登山路線：眠月線 距離19km 海拔爬升195m
嘉義火車站→阿里山森林遊樂區→眠月線→石猴車站→眠月線→阿里山森林遊樂區→嘉義火車站
以鐵軌、土路、木棧道為主
▌活動流程
05:55am - 08:30am 嘉義火車站#集合，前往阿里山
08:30am - 12:00pm 阿里山轉運站至石猴車站
12:00pm - 12:30pm 午餐
12:30pm - 04:30pm 石猴車站至阿里山轉運站 #解散
04:30pm - 06:30pm 回程至嘉義高鐵站或火車站
＊車票包含阿里山轉運站至嘉義高鐵站或嘉義火車站，可自行選擇下車點
 若未中籤，行程將有異動：
我們將徒步至一葉蘭保護區入口折返，總里程約減少4公里
05:55am - 08:30am 嘉義火車站 #集合
08:30am - 11:30pm 阿里山轉運站至一葉蘭保護區入口（不會前往石猴車站）
11:30pm - 12:00pm 午餐
12:00pm - 03:30pm 一葉蘭保護區入口至阿里山轉運站 #解散
03:30pm - 05:30pm 回程至市區，嘉義高鐵站
＊車票包含阿里山轉運站至嘉義高鐵站或嘉義火車站，可自行選擇下車點
眠月線現有橋樑21座、隧道14座
阿里山高聳入雲的紅檜群
▌眠月線路線介紹
眠月線為1913年起開發之塔山線，起於阿里山新站，止於石猴站，1915年正式完工通車，為阿里山林場線鐵路兩條主要主線之一。 
全長有9.26公里，現有橋樑21座、隧道14座，終點石猴高海拔2318公尺，尤其大塔山是全岩層的山岳，貫穿大塔山2號隧道，更長達414公尺，工程十分艱鉅，是一條路線崎嶇且風景迷人的森林鐵道。  
此路線原本是民國60-70年間，救國團溪阿緃活動中的一段行程，沿路可看到森林、鐵道、車站、廢棄林業工作站等具特色的景觀。
1999年因921大地震，整條路線坍方崩壞，眠月線鐵路嚴重毀損而暫停行駛，八八風災後鐵道舊線及車站更顯頹圮不堪，然而，斑駁錯落的時空感，卻更顯眠月線之難得與靈氣，為回溯台灣林業史必走之路徑。
▌行程費用
NTD：$1800
※費用包含
交通：台灣好行車票
其他：領隊費、200萬旅平險、行政作業支出、入園入山證申請
 ※費用不含
自理飲食、阿里山國家公園門票、住家-集合點之車資
▌活動花絮
▌注意事項
本活動 8 人成團，風雨無阻
報名前請您確認跟其他行程並無衝突，本活動無法轉讓與退費。
報名前請您衡量自身體能與負重能力，選擇合適的行程，可避免體力負荷過大的情況發生。
報名前請確認無心臟病、懼高症、懷孕等或任何不適合從事登山活動之情形，若有固定服用藥物請隨身攜帶且按醫囑服用。行程中請務必遵從領隊之指揮，若有任何身體不適情況，請立即主動告知尋求協助，若因隱瞞病史或刻意不告知身體狀況，致生任何危害或損傷，應自行負責。
如因大雨特報、颱風警報、不可抗力或不可歸責於雙方當事人之事由而無法成行時，扣除已代繳的行政手續費後，將餘款退還旅客。
成團通知將透過email及簡訊寄送，敬請填寫有效的聯繫方式。
抽籤行程中籤後收款，請留意信箱訊息",Sky,https://www.accupass.com/event/2510171726372069535923?utm_source=web&utm_medium=search_result_&utm_campaign=accu_e_,
2025巡田記《探險活堡》,https://static.accupass.com/eventbanner/2510020630332071074237.jpg,"2025.11.09 (Sun) 09:00 - 17:00 (GMT+8)
Add To Calendar",台灣551南投縣名間鄉松柏坑七星陣地公園,https://www.facebook.com/mingjianindustrytourismassociation/?locale=zh_TW,https://www.facebook.com/mingjianindustrytourismassociation/?locale=zh_TW,"本次市集可區分為搖光碉堡與開陽碉堡，主服務台於搖光雕堡，導覽與攤販大多集中於此；
開陽碉堡主要為手作體驗。
※預售票為$300元，內容可選2個手作體驗、1個農園導覽體驗
手作體驗項目(有場次限制)請提早報到選時段
版畫拓印 鳳梨手搖
植物上板 茶香平安槌
手作苔球  
農園導覽體驗(1小時)(有場次限制)請提早報到選時段
火龍果園09:30出發 進行碉堡生態導覽以及引導民眾前往農園。
薑黃園10:30出發 進行碉堡生態導覽以及引導民眾前往農園。
茶園13:30出發 自然生態有機茶園介紹，品種：金萱。
桑葚園14:30出發 桑葚園，桑樹介紹，藥用部位藥材觸摸嗅聞，品桑葉茶，與介紹蠶寶寶。
  ",,https://www.accupass.com/event/2510020643311442911653?utm_source=web&utm_medium=search_result_&utm_campaign=accu_e_,
光復連假騎車去 石獅神跡好有趣,https://static.accupass.com/eventbanner/2510150737112010277600.jpg,"2025.10.24 (Fri) 14:00 - 17:30 (GMT+8)
Add To Calendar",台灣屏東縣 內埔鄉水門村成功路251號,,,"從屏東水門轉運站出發，騎著自己的腳踏車，或是拿出悠遊卡「嗶」一下，也能在這裡借用最方便的「微笑單車」，在我們領騎老師的帶領下，走訪美麗的屏185沿山公路。
不到25公里的里程，高度適中的爬升和下滑，是適合全家出遊的輕鬆路線。
路程中經過賽嘉巷、在大路關文化驛站好好休息，再回到水門轉運站，為一個美好的旅程畫下句點。
除了有識途老馬帶路，途中也有豐富營的美味補給，讓你意猶未盡，來了一趟還想再來一趟!
 活動路線：https://velodash.page.link/J5eF
 遊程時間：３小時（09:00-12:00)
騎行長度：來回約23公里
還沒規畫這個連假要上哪去消磨時間嗎?
跟著我們茂林領騎老師的節奏，來一趟清新、健康的自行車小旅行吧。
 本活動不含自行車，請自備自行車或於現場租用U-bike, 為騎乘安全，請配戴安全帽。此外本活動為休閒騎乘，全程無實施交通管制，請按照號誌通行，並靠道路右側來行走。
 📌重要活動須知
本活動將為所有參加者投保旅遊平安險。報名時請勿勾選「自動帶入資料」，並請務必完整填寫每位參加者的 中文姓名、身分證字號、出生年月日及聯絡電話，以利保險作業。若資料未如實填寫，主辦單位將無法負責活動當日之保險及相關理賠事宜。
本活動建議參加者年滿 12 歲，並具備基本自行車騎乘能力。未滿 12 歲之參加者，需由家長陪同。若有心血管疾病、呼吸系統疾病或其他不適合劇烈運動之健康狀況，請勿報名參加。
如遇天候不佳或其他不可抗力因素（如地震、颱風等），主辦單位將視情況調整活動辦理，並保留延期或取消之權利。
活動當日若僅為一般降雨，活動將照常舉行。惟若福隆地區經政府公告停班停課，或中央氣象署發布陸上颱風警報，活動即取消，並將另行通知參加者安排於其他場次。
活動進行期間所拍攝之照片與影像紀錄，將用於日後活動宣傳與行銷素材。如不願肖像曝光者，請於活動前主動通知主辦單位。

主辦單位保留活動修改、解釋權，如有未盡事宜，得於網站補充或修正，並公告說明。
  ",,https://www.accupass.com/event/2510150739167479658830?utm_source=web&utm_medium=search_result_&utm_campaign=accu_e_,
免費講座丨初遊歐洲首選地 : 新手必訪的經典選擇 1109,,"2025.11.09 (Sun) 14:00 - 16:00 (GMT+8)
Add To Calendar",台灣台中市西區精忠街36號,,,"第一次解鎖歐洲，卻不知道從哪裡開始嗎
想體驗歐洲的浪漫與精彩，「初遊歐洲首選地」帶你從零開始
走訪最具代表性的城市與景點，一次蒐集歐洲的必看經典
適合新手，也適合想快速認識歐洲的你 ！",,https://www.accupass.com/event/2509220316384448157440?utm_source=web&utm_medium=search_result_&utm_campaign=accu_e_,
One-Day around Taipei Excursion for Polyglots,https://static.accupass.com/eventbanner/2509100432051151830181.jpg,"2025.11.13 (Thu) 09:00 - 17:30 (GMT+8)
Add To Calendar","台灣台北市 No. 133, Guangfu S Rd, Xinyi District, Taipei City",Polyglot.tw,Polyglot.tw,"Excursions
One-Day around Taipei Excursion for Polyglots
As part of the Polyglot Conference experience, we are partnering with Polyglot.tw (多語咖啡) and Lion Travel (雄獅旅行) to bring a unique experience to travel around Taipei with fellow Polyglot Conferencers!
If you are interested in joining the post-conference excursion on November 13th, simply fill out the form below and we will be in touch with you directly with the next steps.
One-day Taipei Jiufen + Shifen Tour
Itinerary
09:00 Meeting Point in Taipei 
10:00 Yehliu Geopark
12:30 Jiufen Old Street + Lunch with Jiufen-style cuisine
15:30 Shifen Old Street for sky lantern release
17:30 Return to Taipei Hotel
Fee
65 USD
What’s Included
Itinerary 
tour guide service fees, insurance, entrance fees
Lunch
1 bottle of still water
Polyglot friends & linguistic surprises
Highlights
Yehliu
Yehliu is a cape of about 1,700 meters long formed by Datun Mountain reaching into the sea. From above, the place looks like a giant turtle submerging into the sea, hence the name Yehliu Turtle.
The area is divided into three sections:
First section: Queen’s Head, Fairy’s Shoe, Candle Rock
Second section: Bean Curd, Dragon Head
Third section: Sea-eroded caves, seal-shaped rock, and more
The site is suitable for geological study and field research. In addition, there is a statue of Lin Tien Jane in commemoration of his bravery in sacrificing his own life to save others. The monument describes this touching story in detail.
Jiufen Old Street
Jiufen has four well-known streets, the most famous being Jishan Street (also called Dark Street). Rain or shine, the street never sees direct sunlight and is usually packed with visitors, especially on weekends and holidays.
Other popular streets are Cingbian Road, Ciche Road, and Jianci Road. Visitors are encouraged to slow down, as the ancient lanes and alleys often present unexpected, picture-perfect moments.
Shifen Old Street
Shifen Old Street is a bustling hub that preserves the charm of an old railroad town. Originally built to transport coal, it is now one of the most popular stops on the Pingxi rail line.
The area offers:
Local food and souvenir shops
Passing trains that add to the atmosphere
Fantastic opportunities for photography
A highlight is the sky lantern release. Once used as signals for workers in the railroad industry, sky lanterns are now painted with wishes and released into the sky.
We believe Shifen Old Street is one of the best stops on the Pingxi Line. If time permits, you can continue on the train to visit other stations, each offering mountainside strolls, more lanterns, and glimpses of Taiwan’s early coal-mining and train travel history.",,https://www.accupass.com/event/2509080318247210707890?utm_source=web&utm_medium=search_result_&utm_campaign=accu_e_,
,https://static.accupass.com/frontend/image/event/icon_alcohol_remind.svg,,,,,,,https://www.accupass.com/event/2509100854504460411680?utm_source=web&utm_medium=search_result_&utm_campaign=accu_e_,
線上【做十六成年禮】,https://static.accupass.com/eventbanner/2509261030011845239330.jpg,"2025.09.26 (Fri) 10:00 - 10.31 (Fri) 23:55 (GMT+8)
Add To Calendar",,,,"榮耀十六轉大人的一生一次
十六歲，不只是數字，而是告別依賴、迎接責任的時刻。
臺南安平最古老的成年禮「做十六」將為孩子揭開序幕。
 報名資格
年滿15至18歲或其家長(出生於西元2007年-2011年)
立刻點擊報名
把十六歲變成一輩子的故事
讓孩子擁有一生僅有一次的十六歲珍貴回憶！
在天后宮見證他的蛻變，限量贈送市值300元「開運文昌筆」，助力未來。
贈品領取方式：2025/11/1至2026/1/31日期間，憑電子證書至安平天后宮現場即可兌換。
 報名期間
2025年8月1日至2025年10月31日",,https://www.accupass.com/event/2509261038168991878980?utm_source=web&utm_medium=search_result_&utm_campaign=accu_e_,
免費講座丨壯遊瑞士：六大名峰 × 三大景觀列車全攻略丨高雄 1141212,https://static.accupass.com/eventbanner/2509110804092059394128.jpg,"2025.12.12 (Fri) 14:30 - 16:00 (GMT+8)
Add To Calendar",台灣高雄市苓雅區海邊路31號26F-2,https://www.jingtour.com.tw/switzerland/,https://www.jingtour.com.tw/switzerland/,"六大名峰磅礡壯觀，三大景觀列車加世界遺產小火車悠遊阿爾卑斯；五星主題飯店舒適連泊，精選雜誌推薦景點與特色美食，帶您沉浸最純粹的瑞士風情！
透過專業領隊講述，感受瑞士山峰美景
  🌍 活動亮點：
六大名峰｜少女峰、馬特洪峰等經典雪峰，壯觀景致一次看足
瑞士景觀列車｜冰河列車、伯連納快車、黃金列車，以及世界遺產小火車，悠遊阿爾卑斯最美鐵道
五星飯店連泊｜嚴選主題住宿，體驗舒適奢華的瑞士旅遊風格
特色美食｜瑞士起司鍋、巧克力與精緻佳餚，帶來舌尖上的享受
專業領隊解析｜結合雜誌推薦景點，帶您深入認識瑞士的自然、人文與旅遊規劃
✨ 無論您是嚮往 歐洲深度旅遊、熱愛 阿爾卑斯山健行，或是準備安排 瑞士跟團行程，這場講座都將帶來第一手的專業分享與完整攻略。",,https://www.accupass.com/event/2509250324321417594849?utm_source=web&utm_medium=search_result_&utm_campaign=accu_e_,
光復連假騎車去 石獅神跡好有趣,https://static.accupass.com/eventbanner/2510150743391592827097.jpg,"2025.10.25 (Sat) 09:00 - 12:30 (GMT+8)
Add To Calendar",台灣屏東縣內埔鄉水門村成功路251號,,,"從屏東水門轉運站出發，騎著自己的腳踏車，或是拿出悠遊卡「嗶」一下，也能在這裡借用最方便的「微笑單車」，在我們領騎老師的帶領下，走訪美麗的屏185沿山公路。
不到25公里的里程，高度適中的爬升和下滑，是適合全家出遊的輕鬆路線。
路程中經過賽嘉巷、在大路關文化驛站好好休息，再回到水門轉運站，為一個美好的旅程畫下句點。
除了有識途老馬帶路，途中也有豐富營的美味補給，讓你意猶未盡，來了一趟還想再來一趟!
 活動路線：https://velodash.page.link/J5eF
 遊程時間：３小時（09:00-12:00)
騎行長度：來回約23公里
還沒規畫這個連假要上哪去消磨時間嗎?
跟著我們茂林領騎老師的節奏，來一趟清新、健康的自行車小旅行吧。
 本活動不含自行車，請自備自行車或於現場租用U-bike, 為騎乘安全，請配戴安全帽。此外本活動為休閒騎乘，全程無實施交通管制，請按照號誌通行，並靠道路右側來行走。
 📌重要活動須知
本活動將為所有參加者投保旅遊平安險。報名時請勿勾選「自動帶入資料」，並請務必完整填寫每位參加者的 中文姓名、身分證字號、出生年月日及聯絡電話，以利保險作業。若資料未如實填寫，主辦單位將無法負責活動當日之保險及相關理賠事宜。
本活動建議參加者年滿 12 歲，並具備基本自行車騎乘能力。未滿 12 歲之參加者，需由家長陪同。若有心血管疾病、呼吸系統疾病或其他不適合劇烈運動之健康狀況，請勿報名參加。
如遇天候不佳或其他不可抗力因素（如地震、颱風等），主辦單位將視情況調整活動辦理，並保留延期或取消之權利。
活動當日若僅為一般降雨，活動將照常舉行。惟若福隆地區經政府公告停班停課，或中央氣象署發布陸上颱風警報，活動即取消，並將另行通知參加者安排於其他場次。
活動進行期間所拍攝之照片與影像紀錄，將用於日後活動宣傳與行銷素材。如不願肖像曝光者，請於活動前主動通知主辦單位。

主辦單位保留活動修改、解釋權，如有未盡事宜，得於網站補充或修正，並公告說明。
 ",,https://www.accupass.com/event/2510150745161295903787?utm_source=web&utm_medium=search_result_&utm_campaign=accu_e_,
雙人早鳥優惠《日本房總半島 原來可以這樣玩！》自駕漫遊+秘境探索分享會,https://static.accupass.com/eventbanner/2508200853528398709380.jpg,"2025.10.30 (Thu) 19:30 - 10.31 (Fri) 21:00 (GMT+8)
Add To Calendar",台灣台北市大同區承德路三段159巷4號1樓,【阿明行旅 x 減壓生活】臉書粉絲團,【阿明行旅 x 減壓生活】臉書粉絲團,"  活動摘要  
發現房總半島的隱藏魅力：一場改變你對日本旅遊認知的深度分享
當大多數旅人還在東京的人潮中穿梭，當網紅景點已經被拍到爛熟，真正懂玩的旅遊達人早已把目光投向了一個低調卻驚艷的秘境——房總半島。這片位於千葉縣南部的土地，就像一顆被遺忘的珍珠，等待著真正懂得欣賞的人來發現它的光芒。
為什麼房總半島是自駕旅遊的天堂？
想像一下，開著車沿著蜿蜒的海岸線行駛，一邊是碧藍的太平洋，一邊是翠綠的山巒。沒有東京的擁擠，沒有京都的商業化，只有最純粹的日本風情在你眼前展開。房總半島的魅力不僅在於它的自然美景，更在於它能讓你體驗到最authentic的日本生活方式。
這裡有著日本最南端的感覺，溫暖的氣候讓這裡成為東京人的後花園，卻鮮少被外國遊客發現。從館山的南國風情到銚子的漁港風光，從內房的寧靜海灣到外房的洶湧波濤，每一個轉彎都是一個驚喜，每一處停留都是一段故事。
獨特的地理優勢打造完美自駕路線
房總半島三面環海的獨特地形，創造出了豐富多樣的景觀類型。你可以在同一天內體驗到完全不同的風貌：清晨在內房的平靜海灣看日出，中午在山間的古寺感受禪意，下午在外房的海岸感受太平洋的力量，傍晚在漁港品嚐最新鮮的海產。這種多元化的體驗，正是房總半島自駕旅遊的最大魅力。
季節限定的絕美體驗
春天的房總有著比東京更早綻放的櫻花，粉嫩的花瓣在海風中飛舞，形成獨特的「海櫻共舞」景象。夏天這裡是避暑勝地，海水浴場和山間的涼爽形成完美對比。秋天的紅葉與海景相映成趣，冬天則有著溫暖的南國氣候和絕美的富士山景觀。
每個季節的房總都有其獨特的限定體驗：春天的採草莓、夏天的海水浴和花火大會、秋天的紅葉狩和柑橘採摘、冬天的溫泉和富士山展望。這些季節限定的活動，讓每一次的房總之旅都充滿新鮮感。
美食天堂的隱藏實力
提到房總的美食，你絕對想不到這個看似低調的地方竟然是美食家的天堂。新鮮的海產自不必說，這裡的農產品同樣令人驚艷。房總半島的溫暖氣候和肥沃土壤，孕育出了日本最優質的農產品。
從金目鯛的鮮美到伊勢海老的Q彈，從房總的地雞到當地特產的落花生，每一樣食材都承載著這片土地的恩惠。而那些隱藏在漁港邊的小食堂、山間的農家餐廳，更是提供著城市裡絕對品嚐不到的authentic味道。
人文歷史的深度探索
房總半島不僅有自然美景，其深厚的歷史文化底蘊同樣令人著迷。從古代的房總國到現代的千葉縣，這裡見證了日本歷史的變遷。古老的神社寺廟散布在半島各處，每一座都有著自己的故事和傳說。
特別是那些與海洋文化相關的人文景觀，展現了房總人民與海共生的智慧。漁村的傳統建築、古老的燈塔、歷史悠久的港口，都是了解日本海洋文化不可錯過的窗口。
為什麼選擇我們的分享會？
這不是一場普通的旅遊推薦會，而是一次深度的文化探索之旅。我們的分享者不僅是旅遊達人，更是深度體驗過房總半島各個角落的探索者。從最佳的自駕路線規劃到隱藏的美食小店，從季節限定的特殊體驗到人文歷史的深度解讀，我們將為你揭開房總半島的神秘面紗。
最重要的是，我們將分享那些guidebook上找不到的私房景點和秘密體驗。這些珍貴的資訊，都是我們經過多次探索和當地人深度交流才獲得的寶藏級情報。
這場分享會將徹底改變你對日本旅遊的認知，讓你發現原來日本還可以這樣玩！房總半島正等待著你的發現，而我們將成為你探索這個秘境的最佳嚮導。
   適合對象人群  
核心族群一：深度日本旅遊愛好者 (30-45歲)
已經有過多次日本旅遊經驗，對於東京、大阪、京都等熱門城市已經相當熟悉。正在尋找更深度、更authentic的日本體驗，不滿足於走馬看花式的觀光，而是希望能夠深入了解日本的文化和生活方式。
特徵分析：
年收入在中高水平，有一定的經濟實力支持深度旅遊
對日本文化有濃厚興趣，可能正在學習日語或已有一定日語基礎
偏好小眾、獨特的旅遊體驗，不喜歡人擠人的熱門景點
注重旅遊的質量勝過數量，願意為獨特體驗付出更高成本
通常會提前做詳細的旅遊規劃和攻略研究
喜歡在社群媒體分享旅遊經驗和心得
痛點分析：
厭倦了千篇一律的日本旅遊路線
希望找到真正的秘境和當地人才知道的景點
對於自駕旅遊有興趣但缺乏經驗和信心
想要體驗當地文化但語言和文化差異造成困擾
核心族群二：自駕旅遊潮流追隨者 (25-40歲)
對自駕旅遊有著特殊的偏好，享受自由自在的旅行方式，喜歡按照自己的節奏探索世界。可能已經有過國內自駕旅遊的經驗，現在希望將這種旅行方式延伸到海外。
特徵分析：
具備一定的駕駛經驗和技能，對自駕旅遊充滿信心
喜歡自由度高的旅行方式，不喜歡被團體行程束縛
通常年輕化，接受新事物能力強，敢於挑戰
注重旅遊的個性化和獨特性
善於使用各種旅遊APP和導航工具
喜歡探索小眾目的地和隱藏景點
痛點分析：
對日本自駕的法規和注意事項不夠了解
擔心語言障礙影響自駕體驗
不確定哪些地方適合自駕，哪些路線最美
缺乏當地的詳細路況和停車資訊
核心族群三：文化體驗型遊客 (35-55歲)
對日本的傳統文化、歷史和人文景觀有著深厚的興趣。不僅想看到美麗的風景，更想了解背後的文化內涵和歷史故事。
特徵分析：
教育水平較高，對文化和歷史有一定的理解和欣賞能力
偏好有深度內涵的旅遊體驗
願意花時間深入了解一個地方的文化特色
通常會購買相關的文化書籍和紀念品
喜歡參加文化體驗活動和工作坊
注重旅遊的教育意義和啟發性
痛點分析：
一般的旅遊介紹缺乏文化深度
難以找到真正有文化內涵的體驗活動
語言障礙影響對文化的深入理解
希望有專業的文化解讀和導覽
   活動大綱  
主題：重新認識日本旅遊
簽到與歡迎
破冰互動
快速調查：參與者的日本旅遊經驗
分享一個令人驚艷的房總半島冷知識
預告今天的""驚喜時刻""
🗾 房總半島全貌解析：地理優勢與旅遊潛力
獨特地理位置
自駕旅遊的完美舞台
與其他日本旅遊目的地的差異化
🏞️ 必訪景點深度解析：從知名到隱藏的完整攻略
經典必訪景點
館山城：歷史與海景的完美結合
銚子電鐵：日本最東端的浪漫鐵道
鴨川海洋世界：親子旅遊首選
Instagram熱門打卡點
野島崎燈塔：最南端的絕美夕陽
房總花卉線：四季花海美景
關東的富士見百景
自然秘境探索
養老渓谷：紅葉勝地和溫泉體驗
大山千枚田：日本最美梯田之一
🎌 季節限定體驗：四季不同的房總魅力
春季限定
櫻花前線：比東京更早的賞櫻體驗
果物狩：果園親採的美麗回憶
夏季活動
海水浴場推薦和安全須知
夏日祭典和花火大會時程
秋季魅力
紅葉狩最佳地點和時機
柑橘採摘體驗和鄉土料理
冬季溫暖
溫泉巡禮路線規劃
富士山最佳觀賞點
🍽️ 美食天堂巡禮：舌尖上的房總半島
海鮮料理精選
金目鯛料理：從產地到餐桌
伊勢海老：奢華的海洋美味
漁港直送海鮮丼推薦店家
農產品特色
房總蜂蜜：日本絕蜜百選
落花生王國：千葉縣特產體驗
🚗 實用自駕攻略：從規劃到實戰的完整指南
🎁 獨家私房景點揭密：僅限現場分享的秘密寶藏
神秘地點A：當地人才知道的絕美觀景台
隱藏美食B：沒有招牌的百年老店
特別介紹C：日本地域限定食材
攝影秘境D：專業攝影師的私藏景點
註：此部分內容僅限現場口頭分享，嚴禁任何形式的記錄和流傳
💬 互動問答與總結 (正式結束，額外時間)
現場問題解答
個人化路線建議
聯絡方式交換
後續服務介紹

 活動時間  
活動時間為90分鐘，任選以下日期報名參加
  前一日21:00截止報名    早鳥票有優惠      早鳥雙人票更優惠   
2025.10.30 (四) 19:30-21:00（19:00起可報到驗票入場，請留意報到時間）
2025.10.31 (五) 19:30-21:00（19:00起可報到驗票入場，請留意報到時間）

 活動地點  
台灣台北市大同區承德路三段159巷4號1樓   月桃空間  
( 圓山捷運站1號出口散步5分鐘 / 民權西路捷運站5號出口走路8分鐘)
  講師介紹  
阿明師兄
深度旅行規劃師
KMIB國美商學院 聯合創始人
阿明師兄是一位多才多藝的專業人士，身兼旅行規劃師、淨零碳規劃管理師和資深廣播節目主持人。他曾任職於中國廣播公司全國鄉親網、好事聯播網和台灣廣播公司，以獨特視角和深入淺出的表達方式贏得廣大聽眾喜愛，擅長將複雜內容轉化為生動有趣、易於理解的故事。
對日本歷史有濃厚興趣的阿明師兄深入研究日本歷史變遷、社會發展與皇室文化。他的《悠遊日本：跟著天皇走》系列主題遊程，將觀察成果轉化為獨特的旅遊體驗，廣受好評。
同時，阿明師兄對「生活禪」的推崇與實踐，使他的旅遊設計不僅富有文化內涵，還融入了心靈成長的元素，才能為高度客製化的旅遊行程服務提供支撐，結合豐富的文史知識，為客戶設計獨特的文化體驗和歷史探索路線。他對廟宇籤詩與卦頭故事的深入運用，在生活中融入這些智慧，勸世勉人，鼓勵良善。
師兄的研究興趣廣泛，涵蓋文化、教育、兩岸關係、地方創生、ESG以及台灣民俗信仰等多個領域。這種跨領域的知識結構，使他能從多種角度解讀社會現象，為聽眾和旅客提供真實而深入的見解，同時傳遞正面價值觀。他將這些豐富的學識和人生體悟巧妙地融入旅遊和廣播工作中，不僅豐富了旅客和聽眾的體驗，也善盡弘道弘法的初衷，傳播了文化知識和人生智慧。
 注意事項  
1. 本活動採線上報名，支付完成後為報名成功。
2.票券有效時間(可驗票時間)，自該場次活動前30分鐘至該場次活動結束。舉例如下：
2025.10.30(四)活動時間19:30-21:00，票券有效時間(可驗票時間)為當天19:00-21:00，逾期作廢
3.本活動為收費活動，由主辦單位開立統一發票，如需三聯式請於報名時提供統編及公司名稱。
4. 為維護報名人權益，一律婉拒現場報名(禁止空降)。
5. 因場地限制，若提前額滿，將會截止報名。
6. 本次活動不提供品牌簡報檔案，並禁帶外食。
7. 為維護活動品質，本活動對象限制為大學生及社會人士參與。
8. 本次活動婉拒數位行銷廠商、廣告代理商報名。
9. 【阿明行旅 x 減壓生活】由國美貿易有限公司、台堂創意文化工作室及富騰旅行社股份有限公司(交觀甲6217 品保北1187)提供本活動業務支持，保留活動最終解釋權，改變、暫停或中止等細節權利，且保有審核報名者參加資格之權利。",阿明師兄,https://www.accupass.com/event/2509030751065794917860?utm_source=web&utm_medium=search_result_&utm_campaign=accu_e_,
11月03(一)、06(四)、08(六)【遊海趣｜回望基隆。憶港城舊事】,https://static.accupass.com/eventbanner/2509181043061211481437.jpg,"2025.11.03 (Mon) 11:00 - 11.08 (Sat) 17:00 (GMT+8)
Add To Calendar",台灣基隆市中正區中正路391號,委託行街區臉書粉專,委託行街區臉書粉專,"🌊【遊海趣｜回望基隆。憶港城舊事】🌊
跟著我們一起，走進港城基隆的記憶！🚤✨
這趟遊程將帶您從正濱漁港出發，探索百年漁港的歷史脈絡，感受港務文化、在地原民風情與海上風光，邊走邊聽故事，邊體驗最在地的海味生活。
📅 活動日期 :
11/03（一）
11/06（四）
11/08（六）
🕚 活動時間 :  11:00－16:00
📍 集合地點 :  正濱舊漁會大樓（基隆市 中正區 中正路 391號）
走讀× 環保× 好禮加碼
💰 費用 : 原價 1,680元。首發試營運特惠888元。（含導覽老師、中餐、遊艇船費、海釣體驗、保險費）
✨加碼贈送不鏽鋼環保湯匙、海釣體驗一次✨(價值800元)
◼ 遊程特色
帶您走訪正濱漁港大歷史脈絡，了解港務文化、認識周邊海洋環境與奇浩部落的原住民文化。透過導覽、體驗與海上遊程，重新回望港城記憶。
◼ 走讀路線
正濱舊漁會大樓 → 正濱漁港 → 舊正濱派出所 → 正濱色彩屋 → 碳烤吉古拉 → 享用海味特色便當 →「搭喜洋洋88號」海上遊程→ 正濱色彩屋觀景台 → 阿根納造船廠 →原民文化會館無敵海景觀景台或欣賞原民樂舞表演(由於原民文化會館週一休館，當天前往無敵海景觀景台或欣賞原民樂舞表演，將依當天行程調整)。

◼ 景觀照片
正濱舊漁會大樓
正濱漁港
正濱派出所 
正濱色彩屋
 「搭喜洋洋88號」(基隆港、和平島、基隆嶼) 正濱色彩屋觀景台
阿根納造船廠 原民文化會館無敵海景觀景台
原民文化會館欣賞原民樂舞表演
◼ 注意事項
請穿著輕便舒適服裝與防滑鞋
建議攜帶：防曬用品、水壺、毛巾、相機
戶外與海上行程，請注意安全並遵從工作人員指示
注意事項
會寄送行前通知，請務必提供可正常收信之電子信箱。
主辦單位保有修改、變更、取消與暫停本活動權利，因應現場情況而定，主辦單位有權調整當天活動行程。若有其他未盡事宜，或有任何變更或修改，將會另行通知。
如遇天災如颱風、地震等不可抗力因素致活動無法進行，以主管機關公告為主。
若有課程相關問題，請在臉書搜尋〈委託行街區〉粉絲專頁，我們將為您解答，或致電（02）2428 0558。
FB：委託行街區 ｜ Email：keelungveteran@gmail.com ｜ 客服電話：02 2428 0558 
執行單位 - 委託行街區股份有限公司
什麼是委託行？
1950-1980 年代是委託行最輝煌的時光。
當時台灣尚未開放，外國商船和遠洋漁船的船員時常從美國、日本，攜帶日用品及衣物等進港，將貨物放置在委託行中寄賣。而委託行也會接受客戶的委託，請船員到國外帶回客戶所指定的商品。
這種買賣形式，就稱為委託行。
繁華與沒落
船員賣舊衣舊物，委託行收購，顧客購買。
這樣特殊的商業生態，就這樣在基隆慢慢發展起來，一間又一間的舶來品商行開起，逐漸地發展為一個街區，最後甚至形成港口城市的一項特殊的文化。在委託行的全盛時期，有多達三百多間的委託行在營業，從早到晚人潮皆絡繹不絕，比肩繼踵。
直到 1979 年，臺灣觀光產業大幅度成長，臺灣政府正式開放國人可以自由海外觀光，各式百貨行業興起，委託行文化才逐漸沒落，最終漸漸淡出歷史的舞台。
現在的委託行
委託行文化的沒落，讓委託行街區逐漸被遺忘。
直到在 2016 到 2022 年間，在地方商家與社區的努力下，陸續有青年返鄉創業，越來越多有想法的青年，在委託行扎根發展。而街區協會也為了讓更多人能了解基隆委託行，會定期進行社區營造、地方創生活動，串聯鄰里商家，定期舉辦各式市集，邀請街頭藝人或團體表演，引入新興店家入駐，為沈寂已久的委託行街區引入新的活水。",,https://www.accupass.com/event/2510210717118188153200?utm_source=web&utm_medium=search_result_&utm_campaign=accu_e_,
【職場參訪體驗】榮華竹業有限公司,https://static.accupass.com/eventbanner/2510171003431738915224.jpg,"2025.11.07 (Fri) 10:00 - 16:30 (GMT+8)
Add To Calendar",台灣桃園市復興區羅浮140-1號,打造桃園青年的第一哩路，一個青年可以在地就業、在地創業、快意生活、逐夢築巢、安居樂業的新城市。,打造桃園青年的第一哩路，一個青年可以在地就業、在地創業、快意生活、逐夢築巢、安居樂業的新城市。,"【職場參訪體驗】榮華竹業有限公司
🚩活動時間：11/07（五）10:00-16:30
🚩集合時間：08:30 (08:40準時出發)
🚩集合地點：桃園火車站(延平路出口)
🚩單位介紹：
榮華竹業有限公司成立於2023年7月，由林業第三代企業家邱思怡創辦。她的祖父是第一代的林業經營者，主要從事桂竹桿、緞木香菇和高山蔬菜的經營。父親接手後，主要經營果園和桂竹桿等業務。然而，由於國家實施禁伐政策，竹農的經營意願下降。作為第三代企業家，邱思怡將公司化管理和商業模式引入，試圖改變僵化的傳統經營模式，推動部落經濟發展，並創造就業機會。 我們公司致力於推廣優質國產桂竹，打造部落竹產業品牌，透過科技化機具升級加工技術，培養竹產業人才。同時，我們積極申請FSC森林驗證，研發具原住民文化涵養之負碳排產品，並建立外銷平台，力求為淨零排碳付出貢獻。

🚩活動介紹：
參與一場結合竹場工作模擬體驗、四大基地深度導覽以及竹製作品實作的活動，讓你親自感受職人精神，深入了解台灣竹產業，並將獨一無二的竹製紀念品帶回家。
#體驗職人精神：竹場工作模擬體驗
#探索台灣竹產業：四大基地深度導覽
#實地動手體驗：竹製作品實作

千萬不要錯過這次這次能認識「榮華竹業有限公司」的機會！

🚩活動流程：
※實際活動內容以當日體驗安排為主。
 ⭔ 職 場 體 驗 ⭔  
具有指標性 x 職務好有趣 x 桃園好優先

職場體驗，趣味無限！
一 起 實 際 走 入 企 業 吧 ！

企業主管變身職場領航員，帶你實作與體驗，
感受企業職場工作環境與氛圍，還有瞭解企業的培訓制度與職涯發展。
手點報名第一步，跨出職場探索無限可能!

💡大家持續關注「桃園青年職涯發展及職場體驗計畫」，還有更多場次可以報名就加在這裡
 ⭔ 報 名 資 格 ⭔ 
歡迎有興趣的朋友一同來報名~
🌟免費報名！
鼓勵 15-30 歲青年，公私立高中職或大專院校在校學生及應屆畢業生(畢業 1 年以內)，及
設籍於桃園市或就讀桃園市轄內學校優先錄取🌟
 ⭔ 工 作 小 組 提 醒 ⭔ 
➊｜持續鎖定報名頁 機會不錯過
活動免費，專車接送，中午供餐，名額有限
活動場次陸續推出中，有興趣一定要手刀報名！

➋｜部分報名有審核機制 收到錄取通知信才算完成報名

各企業因專業程度所需技能不同，
也因為要確保體驗過程更順暢，所以有報名審核機制喔。

➌｜不要因為性別限制了選擇

不管性別是男是女還是其他，
性別認同都不應是你我挑選工作的標準，
別讓性別職業隔離影響了你的職涯選擇。

➍｜其他小提醒
活動皆全程免費，並提供餐食、保險及接駁。
活動前將發送行前通知，由工作小組包車接送各場次之報名人員。
活動前須投保旅遊平安保險，個人資料使用請詳閱個資說明。
本活動將透過 E-mail 寄發錄取通知及注意事項，請務必填寫常用信箱，並依指定時間及地點報到。
課堂如需請假，請提前告知。
本活動若未開班成功，本單位最遲將於開課前 2 日以 E-mail 通知。
報名即同意將報名表所需個人資料授權予桃園市政府各機關使用，本活動拍攝及錄製本人之肖像，並得加以使用、宣傳、廣告、行銷或公開展示於平面、網路或電子媒體，本府就該拍攝及錄製之著作享有完整之著作權。本聲明暨同意書若有未盡事宜，依個人資料保護法或其他相關法律之規定辦理。
➎｜入山注意事項
入山需注意事項請務必配合服裝，穿著輕便、牛仔褲、防曬衣物（防曬帽、太陽眼鏡、袖套）。場地是泥土地盡量攜帶雨鞋或防滑鞋，注意戶外蚊蟲多可攜帶防蚊液，勿噴灑香水類物品。
⭔ 聯 絡 資 訊 ⭔
張小姐
電話：02-2958-0011#308
信箱：yuchieh.chang@oad.com.tw
葉小姐
電話：02-2958-0011#278
信箱：yahueiming@oad.com.tw
主辦單位｜桃園市政府青年事務局

本案由勞動部就業安定基金補助
本單位保留活動最終修改、變更及解釋權，如有未盡事宜或任何異動，將隨時修正公告。",,https://www.accupass.com/event/2510170851521747410951?utm_source=web&utm_medium=search_result_&utm_campaign=accu_e_,
,https://static.accupass.com/frontend/image/event/icon_alcohol_remind.svg,,,,,,,https://www.accupass.com/event/2509250310101916447595?utm_source=web&utm_medium=search_result_&utm_campaign=accu_e_,
免費講座丨愛琴海的低語｜走進希臘神話、歷史與詩意旅程丨台北 1141219,https://static.accupass.com/eventbanner/2509110802322138590169.jpg,"2025.12.19 (Fri) 14:30 - 16:30 (GMT+8)
Add To Calendar",台灣台北市民權東路二段26號9F-1,https://www.jingtour.com.tw/greece/,https://www.jingtour.com.tw/greece/,「在愛琴海的藍白之間，聽見神話與哲思的低語。」 一場關於希臘的講座，帶你從雅典的石柱走到聖托里尼的夕陽，在故事與歷史裡，尋回文明的詩意。,,https://www.accupass.com/event/2509100920202839709320?utm_source=web&utm_medium=search_result_&utm_campaign=accu_e_,
【台北NPC練愛活動中心限定】毛寶貝幸福點心會～毛孩專屬手作甜點！~這場毛孩專屬手作甜點派對，也讓你遇見同樣愛毛孩的靈魂伴侶～！新手最合適,https://static.accupass.com/eventbanner/2506260153281600349750.jpg,"2025.11.30 (Sun) 15:00 - 17:00 (GMT+8)
Add To Calendar",台灣台北市大安森林公園捷運站出口,練愛線上活動中心-全方位交友平台,練愛線上活動中心-全方位交友平台,"NPC練愛活動中心台北館🧡寵愛毛孩甜點日
《毛寶貝幸福點心會》💕💕 💪 親手為寶貝做的點心
 2025‧11‧30 Sun  15:00-17:00
  優質型男限定 × 可愛女生限定
NPC練愛活動中心年度特別場｜
！現在，你可以親手為牠製作一份「吃得出愛的甜點」
                                                                                                                                          圖片出自自由作網頁
毛孩吃得開心、你看了也安心的專屬甜點DIY派對來了！

你還在讓毛孩只能吃乾乾或市售零食嗎？

現在，你可以親手為牠製作一份「吃得出愛的甜點」！
                                                                                                                                          🔍 尋覓真愛
 你是否曾感到孤獨，渴望找到與你相輔相成的另一半？
🎉 創新聯誼
 結合交友、遊戲與學習，打造獨特有趣的交友體驗！
 
                                                                                                                                           💖 《毛寶貝幸福點心會》特別活動
🧡 參加條件
男生：
✅婚姻：單身
✅年齡：25-40歲
✅學歷：大專以上學歷
✅所需條件（優先考慮符合下列任一條件者，無不良嗜好者優先參加）
自有房產且擁有車輛
自營商、家族企業經營者或股東
公司企業主管
軍公教人員、國營事業、上市公司、外商或銀行從業人員
年收入達百萬以上
總資產達千萬以上
(報名不一定代表一定能夠參加活動，尚等待審核通過後、完成繳費，代表完成報名手續。)
☆以上單身指的是未婚、離異或喪偶者。婚姻存續中、同居或已有婚約者不符合資格。
                                                                                                                                          『可愛女孩』 
👑 女生資格 👑 (參加活動女孩限時限量優惠299元）
✅ 年齡範圍：22-35歲
✅ 外在形象佳，注重個人儀態與禮貌
✅ 個性開朗、真誠積極，樂於與人交流，對愛情有正向態度。
✅ 具備興趣愛好或專長（如藝術、運動、旅遊、閱讀等）。
✅ 認真尋找穩定關係，非隨意參與聯誼，對感情有一定期待。
 請注意，為確保活動的順利進行，年齡要求必須完全符合上述範圍（22-35歲）。
若差一歲，您可以私訊我們，我們會再進一步確認是否能夠彈性處理。
                                                                                                                                          ✅首次參加活動女生需至練愛活動中心先進行單身確認
✅贈送一次與練愛活動中心合作，讓妳更認識對象的一對一輕鬆互動聯誼

👉 請主動私訊我們預約時間，我們將為妳安排輕鬆自在的認證流程！
⚠️ 本活動並非依報名前後順序錄取，而是依資料審核結果決定。
📣【關於優惠方案的重要說明】
本場活動是 練愛活動中心推出的「限定福利場」，
✅ 首次參加的女生可享限定專案優惠價
🎯 但要特別說明：優惠方案是與一對一聯誼互動體驗綁定的喔！
                                                                                                                                             ※ 單場限額人數6位，額滿為止，請盡速報名！

👩‍🍳 女生選甜點 × 男生是小幫手：男生每道甜點都會輪流協助不同女生製作，增加互動機會
🧁 全程平板教學：無需經驗，現場也有小老師帶你一步步完成專屬療癒甜品
🍴 成品共享同樂：不是一人獨享，大家一起分享成果、交流、認識彼此
                                                                                                                                            🧡活動介紹
活動時長：約 2小時
14:55 報到、資料驗證
15:00 主持人破冰與輕鬆自我介紹
15:10 寵物友善點心DIY（平板教學也有小老師）
16:45 男女搭配合作完成擺盤拍照
17:00  👋 活動結束，喜歡的朋友可以繼續自由邀約交流！
 以上活動規劃無配對環節（請自行斟酌報名）
                                                                                                                                             女生選擇甜點款式，男生擔任每組小幫手，協助秤料、攪拌、烘焙或裝飾
1. 寵物炫風杯
材料：麵粉，蛋液，椰子油，香蕉，蜂蜜，馬鈴薯，酸奶，芝麻粉，蘋果，藍莓。（水果依季節而定）
香噴噴的香蕉搭上純芝麻粉毛小孩的甜點靈敏的鼻子絕對為之瘋狂
２. 蘋果雞 寵物小塔
材料：麵粉，椰子油，蛋液，馬鈴薯，蜂蜜，酸奶，南瓜泥，雞肉，藍莓，蘋果。
主人可以跟毛孩寶貝一起分享的小塔點心
３. 發福蝶餅
材料：新鮮花椰菜，橄欖油，燕麥片，麵粉，南瓜泥，甜菜根粉，新鮮雞胸肉。新鮮食材，親自來做，當然最安心！
圖片出自自由作網頁https://www.bakingfreedom.com.tw/
                                                                                                                                          有符合首次參加女生限定優惠專案，若無法出席請於活動前10天前告知喔！
活動當日未到，將列為黑名單。
(報名不一定代表一定能夠參加活動，尚等待審核通過後、完成繳費，代表完成報名手續。)
☆以上單身指的是未婚、離異或喪偶者。婚姻存續中、同居或已有婚約者不符合資格。
                                                                                                                                           ⚠️ 本活動並非依報名前後順序錄取，而是依資料審核結果決定，審核標準如下：
✔ 基本條件符合度（如年齡、學歷等）
✔ 參與動機（希望參加者對交友聯誼活動有明確的興趣與期待，提升互動品質）
✔ 性別與人數比例考量（確保活動互動品質）
                                                                                                                                            💖 報名注意事項    
行前通知：成功繳費後，將在活動前3日寄發行前通知至電子信箱。
聯絡方式：若未收到行前通知，請聯繫官方Line進行查詢。
缺席規定：未事先告知無故缺席者將被列入黑名單。
資料真實性：確保填寫的個人資料真實，若提供虛偽資訊，將承擔相應的法律責任
活動異動權：本公司保有時間及流程異動權，視天氣及報名人數比例進行調整，參加交友聯誼男女比例差距懸殊過大，保有隨時取消活動之權利。
報名後，請在期限內完成繳費。如果您連續多次報名卻未繳費，系統將會鎖定您的報名資格。
「當活動人數額滿時，本公司有權優先錄取「首次參加且已完成繳費者」。
                                                                                                                                                                                                                                                                                                 🧡 安全保障事項
審核措施：活動現場將核對身分證，未帶身分證或發現身份不符者將視同棄權。
參與資格核查：男性將要求出示工作證或在職證明。
隱私保護：可以使用暱稱以個人隱私保護。
個資保護：在活動中請勿透露個人資料，保護隱私安全。
活動中將會進行拍攝，其影像將供主辦方使用(個資保護臉部將馬賽克模糊處理)
                                                                                                                                                     🧡退費：
報名後因參加者個人因素需變更或取消行程時，應立即通知說明事由，並按以下規範執行之：
     
        ◎活動日前 7 日以前 (不含活動日) 通知取消，將退回已付金額的 50%。
        ◎活動前1～6日取消，無法退費。
        ◎活動當日未到，無法退費。
⏳若無法出席，名額將不予保留，也無法延期至其他活動，請必確認行程後再報名。
為避免消費爭議，預先告知此次主辦方並無開立發票
                                                                                                                                                     報名後需先初步聯繫要確認是你本人留的資料做單身確認審核，請留意信箱。
練愛線上活動中心-全方位交友平台
透過以下連結將官方帳號加入好友做單身確認
報名不一定代表一定能夠參加活動，尚等待審核通過後、完成繳費，代表完成報名手續。
報名後，貝拉老師會根據活動報名人數、學歷、工作等個人素質，並且希望確保活動的年齡層和
參與人數達到相當水平去做審核，最晚會於活動前3天通知報名結果。
假如你沒有收到繳費錄取通知， 可能是因為該場次的對象與你的年齡有些許出入， 而不是你的自身條件有所不足喔！
請於報名後2日內完成繳費。如多次報名未繳費或無故未參加，系統將暫停您的報名資格。
當活動人數額滿時，本公司將優先錄取首次完成繳費及符合該場次資格的參加者。
若有相關問題，單身聯誼活動貝拉老師，會儘快為您解答哦～
                                                                                                                                               【活動花絮】
ＦＢ活動花絮 
       ",練愛線上活動中心🧡聯誼派對,https://www.accupass.com/event/2510070123362665193980?utm_source=web&utm_medium=search_result_&utm_campaign=accu_e_,
【淡水生活節】淡水搶救地圖-文化抵抗到歷史資產的守護路徑｜紀榮達×黃瑞茂,https://static.accupass.com/eventbanner/2510160205246828291110.jpg,"2025.11.21 (Fri) 14:00 - 16:00 (GMT+8)
Add To Calendar",台灣新北市淡水區中正路11巷,淡水好生活,淡水好生活,"2025淡水生活節：淡味拾棲蒔
淡江大學USR「淡水好生活：大學城賦創設計行動計畫」從2018年起深耕地方，以「永續生活圈營造」關注都市社區、歷史街區與農村議題，聚焦高齡者、孩童、新住民與就業者的生活處境，累積在地合作經驗。2020年延伸為「學習型城鄉建構計畫」，以「地方編輯」與「地方設計」為核心，透過課程與行動讓居民參與生活場域的改造，實踐地方創生。疫情期間舉辦「世界遺產潛力點田野學校」與「在淡水，住下來」論壇，探討居住經驗與生活樣貌。2022年進一步參與「新北市學習型城市計畫」，協助商圈行銷與伴手禮設計。面對淡水人口成長與都市化挑戰，團隊倡議以「食衣住行城市」為整體願景，凝聚居民智慧共構宜居城鎮。2023起以「淡水生活節」為平台，透過1+1選物體驗、文化參訪、職人工作坊、議題講座、藝術展演與市集六大策略，讓居民與新住民重新認識並享受這座城市的豐富日常，開展「住下來」的生活想像。
▰▰▰▰▰▰▰▰▰▰▰▰▰▰▰▰▰▰▰▰▰▰▰▰▰▰▰▰▰▰▰▰▰▰▰▰▰▰▰▰▰
🗺️淡水搶救地圖-文化抵抗到歷史資產的守護路徑｜紀榮達×黃瑞茂
꒰活動資訊꒱
活動時間｜2025.11.21（五） 14:00-16:00
集合地點｜淡水渡船碼頭（淡水區中正路11巷）
活動費用｜150元
活動類型｜文化參訪
主辦單位｜淡水好生活：大學城賦創設計行動
洽詢專線｜ 02-2621-5656 #2147 陳小姐
電子信箱｜tamsui.good.days@gmail.com
其他建議｜體驗過程中，會步行2-3小時，腳上需要一雙好走的鞋，並減輕包包重量。
꒰活動說明꒱
「解說我們的襲產」一書提到是一「解說」來對話導覽。專業的導覽很重要，到訪國家公園體認自然力量的巨大。而對於生活在國家公園的生活者，是一種特殊的生活景況，作者用「解說」來說明生活者作為主體的導覽，是為了分享，是關於城市生活世界是什麼的對話。
在淡水所累積的豐富多樣多元的地方工作者的努力，張開了一張光譜，這是淡水地方文化工作的資產。紀榮達的地方實踐道路是清晰而關鍵的，他是一位鍥而不捨的工作者，是業餘的，卻在城市中巡航，善於保存資料，追究探訪，沒有代價的，不是因為委託。目的單純，他的地方文化實踐是真真實實地留在城市空間中，不要再失去，失去的已經成為斷簡殘篇的，要怎樣可以找回來。
「城市是石頭寫的歷史」！這是一張深刻的地方抵抗地圖，施家古厝市街內極為精緻的合院建築，在重建街道路拓寬計畫下將被拆除。在地方政府與地方政治作用下，地方工作者歷經二十年的努力而被搶救下來。後來的坎坷修復過程，近日開放，成為淡水街區歷史網絡的一個重要節點。從1993年、淡水中正路擴寬爭議開始，淡水天主堂改建計畫曝光，歷經多次的文資過程，逐漸將街區歷史的另外一角拼貼起來，也將淡水的文化資產推到十七世紀的一趟聖母遶境之途。渡船頭燈塔因為輕軌進老街與河岸而將遷移到捷運站後，原本的城市運作的歷史見證，將成為紀念物般的棄置莫名的角落。
這是一條地方工作者以三十年歲月所寫就的路徑，見證了地方文化抵抗運動作為「未來之學」的先見之明。所以這趟導覽，戴上虛擬眼鏡，從斷簡殘篇中看到歷史淡水與未來淡水。如何投入地方文化抵抗地景的書寫，是以建構人與土地連結的編織術，也是重要的允諾。
 ꒰活動流程꒱
渡船頭集合→福佑宮→重建街→同善巷→祖師廟→廟埕→施家古厝→清水街→天主堂→重建街
꒰注意事項꒱
1、請隨身攜帶水。
2、體驗過程中，會步行2-3小時，腳上需要一雙好走的鞋，並減輕包包重量。
3、有上坡路段行程 參與者請考量自身能力
4、淡水天氣陰晴不定，請攜帶簡便雨具、雨衣。
5、活動請提前10分鐘報到。
6、活動提供專業導覽耳機組，如有毀損或遺失，須賠付每組導覽機新臺幣2000元，耳機每副200元。
7、活動將以Email寄送行前通知。
8、未滿12歲兒童請由家長陪同參與（家長及兒童皆須購票）。
9、本系列活動皆投保公共意外險。
10、如遇颱風或大雨則活動取消。
11、報名本活動會在不影響活動前題拍攝花絮，作為活動紀錄與形象宣傳使用，報名成功等同同意肖像權之使用，若有特殊需求請提前告知。",紀榮達,https://www.accupass.com/event/2510141344471407395156?utm_source=web&utm_medium=search_result_&utm_campaign=accu_e_,
【城市故事行旅】芝山岩小旅行|百年信仰 × 文化地景 × 歷史山徑,https://static.accupass.com/eventbanner/2503180551261377262045.jpg,"2025.10.25 (Sat) 10:00 - 12:00 (GMT+8)
Add To Calendar",台灣台北市臺北市士林區至誠路一段326巷26號,美遊記,美遊記,"👉活動理念：
尋找城市的靈魂地景
芝山岩不高，卻深；不大，卻厚。它不只是一座山，而是一段段文化與信仰的交會地、一條條歷史軌跡的匯聚處。
我們相信，走進芝山岩，就是走進台北人的文化原鄉。從古道、廟宇、石階到隘門，每一處遺跡不只是建築或風景，而是一段段活著的記憶。
我們以緩步慢行方式，讓大家以更深層的感官與心靈，認識芝山岩這座承載三百年宗教文化、軍事歷史與民間信仰的靜謐山丘。讓我們走出捷運站，走上古老的石階，重新連結這塊土地的靈魂與根源。
城市，是一本文字豐富的書。旅行，是最溫柔的閱讀方式。
🔍美遊記全系列活動：【城市故事行旅】
👉活動規劃：
📅活動時間 | 2025年10月25日(六)上午10:00-12:00
🚩集合地點 | 惠濟宮大牌樓前（至誠路二段）
🚶‍♂️路線安排 | 惠濟宮牌樓(集合）→洞天福地→芝山岩西隘門→惠濟宮→西砲台→雨農閱覽室→百二坎→南隘門→ (石馬)（賦歸）
📢活動費用 | 定價750元（優惠價格適用範圍說明如下）
✔早鳥優惠價450元：適用範圍－活動日前30天報名並完成繳費
✔限時優惠價550元：適用範圍－活動日前7天報名並完成繳費
✔一般優惠價650元：適用範圍－活動報名截止前完成繳費
📢費用包含 | 講師費、保險
🎧導覽方式 | 為友善環境減少噪音，一律使用line會議室無線導覽，請自備手機、耳機（適用於自己手機）、LINE APP和網路，活動當天提供QR Code掃描加入 
👉優惠方案：
🎁 限定優惠 |  現在報名參加【美遊記】任何一場走讀活動，就能獲得由 皇冠金屬 x 膳魔師 提供的限量專屬「購物優惠碼」，在「膳魔師官方購物網站」使用現折 NT$200！詳細辦法請參閱【走讀城市 × 品味生活】—皇冠金屬限量優惠活動
🔍活動特色：
📍 一場「廟埕到山徑」的信仰旅程
不是只參觀廟宇，而是走進一整個信仰系統。從惠濟宮前的牌樓出發，走訪山中各信仰節點，認識開漳聖王與地方百姓的信仰，體會台灣人對「神」與「山」的深層敬意。
📍 沉浸式導覽體驗
我們不只說歷史，也說故事。透過深度導覽讓參與者彷彿回到清代築城、日治時期的現場，感受歷史就在腳下發聲。
📍 步行一段「看得見歷史」的石階山路
從百二坎到隘門石馬，這段古道仍保有原始風貌。走上石階，彷彿回到當年的畫面。每一步都是時光之旅。
📍 城市裡罕見的「多重文化層疊空間」
芝山岩獨特之處，在於宗教、軍事、教育、政治、民俗信仰層層交疊的地景布局，一山之中蘊藏多元時代與人群的故事，宛如台北的文化縮影。
🔍在地亮點：
📍 惠濟宮：士林人的心靈中心
主祀開漳聖王的惠濟宮，是當地居民重要的精神寄託與祈福中心。其建築風格、剪黏藝術與百年香火，皆展現北台灣宗教文化的歷史深度。
📍 洞天福地碑：山中入口的文化宣言
這不只是石碑，更是整座芝山岩的精神標誌。它象徵著「此地非凡」，也是通往山中文化空間的第一道門。
📍 西隘門與南隘門：清代芝山岩守護者
建於19世紀的隘門系統，原為防禦用門卡與關卡，如今成為文化遺產的見證，門上的匾額與石馬仍在默默守護這片土地。
📍 百二坎：用腳步刻下的歷史記憶
這條由120階石階組成的山徑，是昔日居民通行、祭祀之路。其名稱「百二」既是數字，也象徵長遠與堅韌。
📍 西砲台遺址：城市裡的戰地記憶
至今仍可見砲座、石基、軍用平台遺跡，是台北少數保存的山上軍事地景。
👉活動流程：
📝報名須知：
✅ 本次活動會投保，請於報名表單中確實填寫以下保險資料：
「真實中文姓名」、「出生日期」、「身分證字號」
如有略過或填寫不完整者，將視為自動放棄保險資格。
✅ 請填寫正確中文姓名、聯絡電話與電子郵件，以利活動通知及資訊寄送。
✅ 若報名費用不符、或喪失優惠資格，需於活動前補足差額，否則主辦單位有權取消報名。
✅ 僅有「填寫完整資料 + 完成繳費」後，方視為報名成功。
✅ 報名即表示您已詳讀並同意本《報名須知》與《注意事項》。
✅ 報名成功後如需更改場次，可選擇：延期至下一梯次／同等費用場次（限用一次）或是轉讓他人使用（需於活動日前5日來信通知）主辦單位將協助更換保險資料，活動日前1天及出發日當天不接受取消、延期及轉讓，也不退回任何費用。
✅ 若需退票，委託 ACCUPASS 代為處理退款事宜，依退款規則辦理。於活動票券有效開始日前 8 日辦理(最晚可於活動開始日前8日辦理)，並將酌收票價 10% 退票手續費，逾期恕不受理。
⚠️注意事項：
🔸 若遇天災、極端天候等不可抗力因素，主辦單位將基於安全考量，主動延期或取消活動，並另行通知參加者。
🔸 活動期間所拍攝之照片與影像素材，將由主辦單位用於活動紀錄、行銷及媒體宣傳用途。如不同意授權使用，請於活動前主動告知；如需撤下已發布素材，亦可提出申請。
🔸 主辦單位保留隨時修改、暫停或取消活動內容之權利，所有更新將公告於官方平台，恕不另行個別通知。
🔸 未報到、中途離隊或擅自脫隊者，視同自願放棄參與權益，恕不退費或補辦。
🔸 請依自身狀況準備裝備，建議攜帶：防曬／防寒／防蚊用品、雨具、個人藥品、水瓶、登山杖等。
🔸 部分景點為戶外導覽，不開放建築內部參觀，敬請理解與配合。
🔸 請遵循導覽人員指示，勿於導覽過程中阻礙商家出入口或人行通道，共同維護良好導覽秩序。
🔸 行程將依現場狀況與導覽進度彈性調整，敬請見諒。
🔸 活動當日將提供紙本發票，若無故缺席聯絡未果，一律將所開立的發票捐贈予慈善機構。如需郵寄發票請自付郵資；如需開立統編，請於報名時完整填寫相關資訊。
🔸 成團人數為6人，若人數不足，主辦單位有權延期或取消出團，並將另行通知參加者。
🔸 15人以上參加之機關團體，歡迎來信洽詢預約導覽，將有專人為您服務。
❤️ 首選「美遊記」
我們不只是導覽，不只是走讀，而是陪伴每個人重新愛上這片土地。以 永續旅遊 為核心，讓每一次走讀，都是 守護家鄉、保護自然的行動。從2020年開始，我們致力於設計高品質、有溫度的城市文化行旅：
1️⃣社區文化導覽 |2️⃣學校戶外教學|3️⃣機關團體行程|4️⃣企業教育訓練
我們走得不快，但每一步都很深。我們相信，最動人的風景，是在走過的那一刻，與心相遇。
薪展新創文化｜響應CSR@天下流域公約
📬聯絡資訊：
💌 聯絡方式 孫仁明先生｜週一～五 10:00~17:00
📞 0927-357-017
📧 rodney.xinzhan@mail.com
👣 主辦單位｜美遊記（薪展新創文化）
🚌 協辦單位｜鴻運旅行社 范靜宜（品保編號：北0017／交觀甲0464）
🚍交通資訊：
✅【捷運資訊】：士林站或芝山站步行約15分鐘
✅【公車資訊】：206、267(副)、645、645(副)至芝山公園站或惠濟宮站",,https://www.accupass.com/event/2507140124371734512061?utm_source=web&utm_medium=search_result_&utm_campaign=accu_e_,
狂賀破千! 2025泳渡虎頭埤-水陸雙鐵GO 再加開!!!,https://static.accupass.com/eventbanner/2505251231579367494730.jpg,"2025.11.02 (Sun) 07:00 - 11:00 (GMT+8)
Add To Calendar",台灣台南市虎頭埤,臉書粉絲團,臉書粉絲團,"今年泳渡虎頭埤-雙鐵活動大熱銷，活動報名時間再加開到10月15日!
(但物資因臺灣工廠製作時間，將會在活動後，等製作完成再進行寄送)

1.主辦單位:臺南市政府觀光旅遊局
2.承辦單位:何海智慧永續顧問有限公司
3.2025虎頭埤水與綠-泳渡虎頭埤活動辦法:
https://drive.google.com/drive/folders/1GEUpVeFmD-VPciKVhr6ct3Ao43IGr5rd?usp=drive_link
4. 其他詳細泳渡資訊請加入臉書粉絲團
https://www.facebook.com/profile.php?id=61575840637931

注意⚠️現場會收取1人200元的晶片保證金（舉例：若5人收1000），結束後退回，請自行準備百元鈔票。
5. 好禮示意
6.紀念衫 & 雙鐵紀念T尺碼(因報名表設計有錯誤，等待報名結束後會再通知各隊長詢問) 
7.專人服務
9.更多合作優惠
泰香餅舖水果餅：消費滿150元，送特色小禮品。
成功醬油(新化門市)：享9折優惠。
瓜瓜園（生態故事館）：零食包(內含蝴蝶派*1包+米乖乖(地瓜口味)*1包)享200元優惠價(原價$229)。
街役場古蹟餐坊：餐飲消費享95折優惠。
汣禾家-果物美學：霜淇淋享第2隻半價。
龍輝私房菜：店內用餐享95折優惠。
知點新時尚料理餐：免收1成服務費，送1盒小甜點。
老街168民宿：享9折優惠。
林家園藝：店內用餐享9折優惠。
左鎮化石園區、水道博物館、蘭都觀光工廠：加專人line索取優惠門票。
新大南科大飯店：住宿享9折優惠。",,https://www.accupass.com/event/2510071500555268402210?utm_source=web&utm_medium=search_result_&utm_campaign=accu_e_,
導覽行程3：穿街走巷探索府城2--蝸牛慢慢走,https://static.accupass.com/eventbanner/2209081528392280365570.jpg,"2025.10.25 (Sat) 15:00 - 18:00 (GMT+8)
Add To Calendar",台灣台南市中西區民權路二段253號,,,"您知道蝸牛巷在哪裡嗎？
您認識清朝重要的行政官署--巡道署嗎？
您聽過帆寮街、北巷的故事嗎？
各位朋友
10/25(六)出來走走吧~~~
一起來找尋葉石濤故居
一起來聽聽總趕宮和沙淘宮的故事
一起來文青的蝸牛巷慢慢走~~~
快來參加我們精彩的導覽行程3：穿街走巷探索府城2—蝸牛慢慢走
------------------------------------------
《府城漫遊。導覽行程》
漫遊老台南 探索舊城區
來一趟知性的府城之旅
喚醒您對家鄉的熱情與感動
------------------------------------------
 ★行程介紹
巷弄，是歷史的紋理，也是城市的記憶，更滿佈先民足跡。
府城舊街區裡的蜿蜒巷弄，穿梭在城市空間之中。
漫步府城老巷弄，轉眼所見的老屋、老樹、廟埕，彷彿走過了時光隧道，感受那歷史真實的存在。
傳統與創新，總是在台南巧妙的融合。穿梭府城老巷弄，滿是驚喜與感動！
 
★走訪行程
民權路.新美街交叉路口(集合)→帆寮街→泉興榻榻米→恭仔意麵→開山宮→保西宮→蝸牛巷→葉石濤故居→阿櫃銅鑼燒→市吉→小豪洲沙茶爐→沙淘宮→沙淘宮菜粽→延平大樓(原宮古座)→雙全紅茶→五瘟宮→總趕宮→松仔腳炭烤→詠符巷→永福國小(原巡道署)→水倉試驗所→只有奶茶→松本書局→益春巷→益春藥房→南巷→籠裏→北巷→PEKOPEKO→老得木雕→慈蔭亭→民權路.新美街交叉路口(解散)

★行程內涵
我們希望藉由這個行程，讓大家多認識這塊土地，多了解這個地方的人、事、物。只有當您愈了解它、愈認識它，您才會懂得如何珍惜它、才會知道怎麼保護它！這才是我們這個行程最深層的內涵與期待！

★導覽規則
公開行程：12人成團，人數上限25人
包團行程：15人成團，人數上限25人
導覽時間：3小時
費用：每人350元(幼兒園孩童不收費)。費用中包含導覽費、保險費。

★導覽人員 吳宜勉
府城人，成大財金所畢業
前半生在金融業工作，後承繼家業
現為「吳萬春蜜餞」與「百年傳承香舖」負責人
也分別是第二代及第四代傳人
致力於香藝文化之傳承與推廣
並希望讓更多人認識府城，體會台南的美好！
 
★注意事項
1.請穿著適合行走的鞋子，並攜帶飲水、帽子或陽傘等防曬物品。
2.若臨時有事無法參加，請提前告知，並可於往後2個月內任選一條行程參加。
3.課後服務：走完行程，建議加入LINE群組，可享有課後服務。
4.也歡迎來我們”府城漫遊”粉絲頁留言，聊聊您走完後的心得哦~~~
5.最遲請於開團日期前兩天完成報名，現場報名會來不及投保旅平險喔~~~
6.報名後請記得付款，才算報名完成喔~~~
 ★聯繫方式
主辦單位Email：tainanroaming@gmail.com
主辦單位手機：0931781936 吳先生
   ",吳宜勉,https://www.accupass.com/event/2509301612581350007581?utm_source=web&utm_medium=search_result_&utm_campaign=accu_e_,
貝加爾湖藍冰奇境：一生必遊的夢幻傳說,https://static.accupass.com/eventbanner/2510070418524553751410.jpg,"2025.10.22 (Wed) 14:30 - 16:00 (GMT+8)
Add To Calendar",台灣台北市大安區忠孝東路四段142號禮仁通商大樓11樓1107室,藍冰奇緣：冰雪貝加爾湖,藍冰奇緣：冰雪貝加爾湖,"旅遊達人Peter帶你領略貝加爾湖藍冰奇境
日期 ：2025年10月22日 (三)
時間 ：下午14:30-16:00
地點 ：本講座為實體講座
實體 ：台北市大安區忠孝東路四段 142 號 11 樓之 7（台北捷運忠孝敦化站5號出口）
講師 ：旅遊達人Peter
費用 ：免費講座
報名 ：立即線上購買票券或立即來電 02-2775-1121
※報名注意事項
本活動為實體講座，限量15席，恕不接受現場報名
活動說明請詳閱票券頁
 ✨ 主講人：旅遊達人Peter帶你領略貝加爾湖藍冰奇境：一生必遊的夢幻傳說
貝加爾湖：這片被譽為「西伯利亞藍色心臟」的古老湖泊，在冬季凝結成世界上最純淨、最震撼的藍冰奇景。一場獨一無二的視覺盛宴即將展開。跟隨旅遊達人 Peter 的專業腳步，我們將帶您深入這片冰雪王國，親眼見證冰層下封存的晶瑩氣泡，以及如寶石般閃耀的裂紋冰境。這不只是一趟旅程，更是您一生必遊的夢幻傳說。準備好開啟一場震撼心靈的冬季冒險了嗎？
季節限定藍冰奇觀：見識冰柱、冰洞、裂紋藍冰、以及獨特氣泡冰奇景。
冰上活動體驗：特別安排搭乘氣墊船、體驗狗拉雪橇、參訪薩滿教聖地。
雙點進出：便利的航班安排，確保旅遊過程的順暢。
伊爾庫茨克深度遊：參觀基洛夫廣場、斯帕斯卡亞教堂等核心景點。
在地風味餐飲：餐食以俄式風味餐為主，特別安排奧利洪島上的野炊午餐。
想了解更多？歡迎加入我們的 FB 粉絲團、LINE 官方帳號，或是直接來電 02-2775-1121 聊聊，請告知從哪裡知道此訊息喔！
藍冰奇緣-冰雪貝加爾湖：https://lihi.cc/QdWYS
金展官方 LINE：https://lihi.cc/Uc2IS
金展旅行社粉絲團：https://lihi.cc/XwtOu",,https://www.accupass.com/event/2509300846591943927745?utm_source=web&utm_medium=search_result_&utm_campaign=accu_e_,
【美麗中華旅講堂‧台北場】背包客旅遊實戰懶人包之大陸篇,https://static.accupass.com/eventbanner/2509160552191037865427.jpg,"2025.11.05 (Wed) 19:00 - 21:00 (GMT+8)
Add To Calendar",台灣台北市松山區南京東路三段287號10樓旅讀／捷運南京復興站,講座詳情,講座詳情,"🌟講座簡介：
中國大陸幅員遼闊，擁有五千年深厚的文化底蘊與壯麗多樣的自然風光，是背包客旅遊的絕佳舞台。講師將分享多年自助旅行的親身體驗，從行前準備、旅途中必知的在地現況，到如何理解宗教文化與生活型態的差異，都將以幽默風趣、淺顯易懂的方式呈現。透過第一手的旅遊故事與實戰經驗，帶領大家認識大陸自助旅行的挑戰與樂趣。
主題_背包客旅遊實戰懶人包之大陸篇
講師_陳岳賢
日期_11/05(三)，19:00-21:00
地點_新光國際商業大樓 (台北市松山區南京東路三段287號10樓旅讀／捷運南京復興站)
 ",,https://www.accupass.com/event/2509160553405165827390?utm_source=web&utm_medium=search_result_&utm_campaign=accu_e_,
芒花季-金芒舞秋風‧九份小旅行一日遊,https://static.accupass.com/eventbanner/2510020721205652594480.jpg,"2025.12.12 (Fri) 09:00 - 12.13 (Sat) 17:00 (GMT+8)
Add To Calendar",台灣新北市瑞芳車站,官網,官網," ｜季節限定的芒花盛宴｜ 
飽覽樹梅坪與不厭亭的秋日花海，感受水金九、基隆山與茶壺山的壯闊美景。
 ｜深入體驗礦山文化｜ 
造訪獨特廟中廟、享用礦工便當，並走訪礦山輕便走廊，透過文化導覽深度探索九份礦業歷史與在地生活，重溫黃金歲月。
 ｜手作童趣與在地美味｜ 
豐富手作體驗，飲一杯生活茶，再親手製作芒花關守石及芋圓DIY，為這趟旅程留下獨一無二的甜美記憶。
 ｜加值贈品｜  
芒花季限定涼感巾
 行程內容
瑞芳車站(集合及出發)→廟中廟(福山宮) →樹梅坪→小金瓜露頭→不厭亭→八番坑茶坊–礦工便當(午餐) →手作幸福-金色礦茶(品茗) –芒花關守石(童玩) →礦山輕便走廊(文化路徑導覽)→芋圓DIY →返回瑞芳車站
 芒花搖曳 金色映象
九份→廟中廟(福山宮) →梅樹坪→小金瓜露頭→不厭亭→返回九份
走進九份生活文化路徑，一探究竟，閱讀九份山城的金色映像，欣賞礦場70年代末期景觀的懷舊風潮，享受九份的療癒山色海景，品味大自然季節光影變化，欣賞隨風搖曳的芒花浪，舒緩旅人累日的壓力，讓那山風帶走了煩惱，心靜下來，張開五感進入時光隧道，遙想九份昔日繁華景象， 一步一景，一廟一山，堆疊九份文化與歷史，滿山遍谷芒花迎風飛舞的景色與沿途景致豐富多變，周邊山巒起伏、山道蜿蜒，搭配東北角海景，山海秋芒仙氣十足令人醉心不已。
 福山宮 廟中廟
建於清光緒年間，最初僅是一座土地公廟。隨著金礦開採興盛，香火鼎盛，但礙於腹地狹小，居民決定在舊廟外再建新廟，將老廟完整包覆其中，形成現今的特殊景觀。走進新廟，就能看見內部的百年土地公廟，宛如時空膠囊，見證金瓜石的礦業興衰與在地信仰的傳承，是了解當地歷史文化的絕佳起點。
梅樹坪
梅樹坪是眺望東北角海岸線的絕佳觀景平台。這裡海拔較高，視野開闊，天氣晴朗時，可將陰陽海、茶壺山、基隆山及九份聚落等獨特景觀盡收眼底。此處也是秋季賞芒花的秘境之一，滿山遍野的銀白色芒花隨風搖曳，與綿延起伏的山巒及湛藍大海形成一幅壯麗的山海畫卷，令人心曠神怡。
小金瓜露頭 遠眺探索金礦脈源頭
位於九份與金瓜石的交界山區，是九份地區最早發現金礦的起點。這個露天的礦脈因其外形酷似一顆小金瓜而得名，也開啟了這座山城長達近百年的黃金歲月。在秋季，滿山遍野的芒花與礦石遺跡相互輝映，展現出一種滄桑又充滿生命力的獨特美感，是認識九份礦業歷史與感受自然之美的必訪之處。
不厭亭 賞芒.瑞芳與雙溪交界線
擁有360度無敵觀景視野的不厭亭，被譽為「小武嶺」，從亭內眺望，一側可見蜿蜒而下的縣道，宛如一條通往山谷的巨龍；另一側則是綿延的山脈與壯闊的東北角海景，景致變幻萬千。尤其在秋季，滿山遍野的銀白芒花與雲霧交織，營造出如夢似幻的仙境，不厭亭的景色都令人流連忘返，百看不厭。
 八番坑茶坊-礦工便當(午餐)/ 金色礦茶(品茗)
礦山的四季色彩，卻讓人在旅途中想念著有滋有味的礦工便當-布包、鐵盒素材，與品茗著台灣茶，讓您在時空世界裡飲茶品茗，讚嘆古人早有環保概念與飲食美學。
 礦山秋季 童玩好芒-芒花關守石
在礦山這裡的居民在秋天時節，為孩子隨手拈來的芒花，做成關刀、小雨傘、小馬、孔雀、小鳥…等玩具，今年以【關守石】讓芒花變成現代的藝術品。【關守石】每一顆石頭都有自己的故事， 從野地被發現，然後綑紮， 成為無聲無息，美的歇止石。也是守住分寸與敬意的象徵。
  飲食生活 手作幸福-芋圓DIY
在礦山日常裡，居民透過生活飲食，讓自己不至於餓肚子，甜品的芋圓，讓大家認識在地生態與生活的連結性，並帶給大家認識多樣性的環境。手作一份屬於自己的甜點，只融於心不融於手的幸福溫度。
  指導單位：交通部觀光署
主辦單位：交通部觀光署東北角及宜蘭海岸國家風景區管理處
執行單位：雅比斯國際創意策略股份有限公司",,https://www.accupass.com/event/2510020731345962483360?utm_source=web&utm_medium=search_result_&utm_campaign=accu_e_,
