Link,Place,Title,Image,Date,Location,InfoLink,Member,Article
https://artemperor.tw/tidbits/18692,台灣，台北市,國王十字藝術社【《二82年華-黃光男沙龍展》】一同走入八二年華的詩意風景，古典亦前衛，寧靜又熱烈,https://d2onjhd726mt7c.cloudfront.net/images/datas/000/119/783/eyq2dnmqik7neb8vuc4q1rxzcg9to5su_800x420^.jpg,2025-09-17 ~ 2025-10-28,◎華山1914文化創意園區,,黃光男先生,"9/17-10/28 將於華山1914文化創意產業園區紅磚六合院（西4館），展出48件作品與10件書法，一位「筆墨即人生」的博物館館長、詩人、畫家，將一生的學術涵養、文化關懷與個人情感，濃縮成關於「時間、青春與哲思」的視覺詩篇。「二82年華」沙龍畫展，「永遠的館長」黃光男「用筆墨回應時代，用畫作再續來生。」
展覽場沙龍講座活動:    (完全免費, 需報名請加入國王十字藝術社LINE官方ID為 @344iwalq  )
★9/27(六) 下午2:30藝術家黃光男，將帶領五位弟子之「世代傳承講座」  ｜陳筱君 (策展人/ 羲之堂總經理) ｜蔡揚威(藝術家/ 帝圖科技董事長特助) ｜高駿華博士(藝術家) ｜柯人鳳(ISA鑑價師/台灣藝術大學博士候選人) ｜陳欣婷博士( 英國Invigor8策展人)
★10/2(四) 下午2:30  偏鄉公益活動- 台灣待用課程協會×瑞濱國小
★10/18(六) 下午2:30藝術與社會價值講座- 台新藝術基金會鄭家鐘 董事長 主講
★10/25(六) 下午2:30 策展學與英國博物館策展講座-陳欣婷博士主講
(以上講座完全免費, 需報名請加入國王十字藝術社LINE官方ID為 @344iwalq  )
「藝術家黃光男」簡介
1944年出生於高雄縣，畢業於省立屏東師範普通科、國立臺灣藝專美術科，1985年取得國立台灣師範大學美研所碩士學位，1993年獲得國立高雄師範大學文學博士學位。
▎經　歷
行政院政務委員、總統府國策顧問、國立臺灣藝術大學校長、國立歷史博物館館長、臺北市立美術館館長，以及教師、教授和名譽教授。
▎著　作
著有《實證美學》、《與人偶語》、《美術館行政》、《博物館新視覺》、《博物館企業》、《畫境與化境―繪畫美學與創作》、《流動的美感》、《藝術行動：黃光男藝術評論文集》、《氣韻生動：文化創意產業20講》、《鄉情．美學．藍蔭鼎》、《博物館營運新思維》等近50本各類叢書，並出版畫冊20餘冊。
▎畫　展
畢生舉辦個展二十餘次，並參與聯展五十餘次，專長水墨畫創作，擅花鳥畫、寫意畫與現代繪畫。
▎獲　獎
長年來致力於藝術與文化的拓展與臺灣博物館的專業發展，專精於美術史、美術理論及美學等。
曾榮獲教育部文化教育獎、中山文藝創作獎、第95年度金爵獎「美術教育」獎、中國文藝協會獎章國畫類、行政院新聞局國際傳播獎等；獲頒法國國家特殊貢獻一等勳章、法國文化部文藝一等勳章、外交部敦誼外交獎章、總統府二等景星勳章。"
https://artemperor.tw/tidbits/18697,台灣，台北市,孟焦畫坊【刀藝雙馨 】宋崗2025書鈕篆個展,https://d2onjhd726mt7c.cloudfront.net/images/datas/000/119/805/ttsg2mvo729hjo4an7ap84jdpyjlx78z_800x420^.jpg,2025-09-17 ~ 2025-09-28,雨農路17-2號1樓,https://web.hocom.tw/h/?key=399852860856,宋崗,"刀藝雙馨 宋崗2025書鈕篆個展
展期：2025.09.17-28
茶會：2025.09.20 pm3:00
〔取法乎上〕是宋崗兄立己行藝的基要觀念，這表現在兩個方面：首先是鑄煉書法功底，因為書法是中華文化核心的核心，更是眾藝之根，書法技藝的精進總能帶來其他藝術之新發，反之，若不著墨書法，也不求日進，該門之藝境必然受限。宋兄六、七歲左右即拜入寇培深先生門下，受寇老嚴格之書教，日益培深底氣。數十年來，每天晨起即研墨習書，乃其日課也。
其次，在鈕雕、篆刻、篆印邊款的創作上，亦取法乎上也。緣於自幼生長的環境，府上父輩即已廣收藏：舉凡古印鈕、古印、古玉、佳品印石（田黃、芙蓉、老撾）等文翫，為數極豐，日日把玩賞鑑這些上品，再加上天資聰穎，故而自學鈕雕、篆刻即臻上乘。
宋兄為人豪健倜儻，素有俠士風，未受其協助的友人幾乎沒有。遇人處事謙虛而樂善，但對自己的藝術創作則是一絲不苟，因此，他能廣交天下豪傑，並廣收古典精粹，左右逢源！
九月17～28日在台北孟焦畫坊，宋崗先生不僅展示出他操刀若神的鈕雕、篆刻、印石邊款作品，還有各體精熟的書法文本以及佳上的印石收藏，絕對讓十方法家，滿載而歸！
(撰文:蕭一凡)
開放時間  AM11:00-PM19:00 (週一休假)
展出地點  孟焦畫坊  臺北市士林區雨農路17-2號1樓
電話      (02)2834-4319"
https://artemperor.tw/tidbits/18825,台灣，高雄市,高雄市新浜碼頭藝術學會【行行復止止】,https://d2onjhd726mt7c.cloudfront.net/images/datas/000/120/369/0p34h3ajs8rh119bar0xm8gz3o7t4r2i_800x420^.jpg,2025-09-18 ~ 2025-10-15,新浜碼頭藝術空間,https://sinpink.com/,李佑霆、李昀叡、黃仕昕、曾文繪、曾郁絜、劉炫伶、蘇子婷、許雅君,"行行復止止
*展覽統籌：黃仕昕、許雅君
*藝術家：李佑霆、李昀叡、黃仕昕、曾文繪、曾郁絜、劉炫伶、蘇子婷
*視覺設計：曾郁絜、蘇子婷
*展覽日期：2025.09.18（四）至2025.10.15（三）
*展覽地點：新浜碼頭藝術空間Pin-Bien館
*開幕茶會：2025.09.20（六）14：00
*與談人：陳美靜、鄭秀如
*空間贊助單位：國藝會
*新浜行政：陳羚溱、吳宛倫
*實習生：廖怡瑄、孔媛
*網站：https://sinpink.com/
*展覽簡介：
旅程中有時前進，有時停下來。每一步，都是在摸索中前行，也可能是在不確定中暫歇。我們記錄那些改變方向的時刻，也回頭看留下的痕跡。
「行行復止止」聚焦於「靜」與「動」的狀態，思考人們在生活中如何感受與行動。動不是一直向前，靜也不代表停滯，而是各種經歷下的選擇與理解。展覽試圖捕捉這些在過程中轉變的瞬間，拼湊出屬於每個人的獨特軌跡，並描繪每個人在探索過程中的猶疑與決心。每一道痕跡，都是記憶的留存，也是一種生活的節奏。
在這條名為人生的路上，每一段經歷，都是通往下一章的伏筆。"
https://artemperor.tw/tidbits/18784,台灣，桃園市,中原文創園區【2025TAxT桃園科技藝術節】混種演化‧未來生命,https://d2onjhd726mt7c.cloudfront.net/images/datas/000/120/142/yw8ankazbyxubrjt3gv3ot92d7ckngda_800x420^.jpg,2025-09-19 ~ 2025-10-12,中原文創園區（桃園市中壢區忠仁路33號）,https://www.taxt.tw/,黃贊倫、陳珠櫻X人工生命感知藝術團隊（熊國帆、Aris Vakalis、Joseph Caumon、Victor Huchet、Damien Colomina）、胡縉祥 X 黑川互動媒體藝術、林俊遑Ｘ黃紀虹Ｘ戴明珊、李文政、Sofia Crespo、Patricia Piccinini、長谷川愛、陳韻如、陳奕諼、柳俞百、陳依純、張承濬、林亭羽、陽明交大異自然團隊-許峻誠研究室、陽明交大異自然團隊-侯君昊研究室、天工開物,"關於TAxT桃園科技藝術節
桃園市是全國第一工業科技大城，國際評比TOP1之智慧城市，擁有文化與科技結合發展的絕佳環境。桃園市政府為打造文化科技城市，自2017年起舉辦「TAxT桃園科技藝術節」(Taoyuan Art x Technology Festival)，結合國際化、在地化、校園深耕及產業結合等多重目標，2019年起更進一步舉辦「桃園科技表演藝術獎」，發掘及培育科技與表演藝術跨界創作人才。「TAxT桃園科技藝術節」目前為全國少數由地方政府主辦之大型科技藝術節慶活動，數年來已成為科技與藝術跨界產業交流之重要平臺。
局長的話
在科技急遽演進的浪潮中，人類對於「生命」的想像，正邁向前所未有的全新視野。2025年桃園科技藝術節以「混種演化．未來生命 New Type」為題，聚焦於未來生命形式的探索與詮釋。從機器人、人工智慧到仿生科技，科技的迅猛發展早已不再只是科幻電影中的想像，而是正逐步進入我們的日常生活。
今年的展覽主題意在引發思考：當科技逐漸逼近「生命」的邊界，我們該如何重新理解未來世界中，人與機器、自然與人工之間的關係？
「New Type」不僅是對未來新人類的想像，更是一種對當代生活條件與價值觀的再省思。當科技開始參與生命的定義與演化，藝術便扮演著不可或缺的觀察者與對話者角色，引領我們穿越資訊洪流，尋找嶄新的倫理秩序與文化定位。誠摯邀請您蒞臨這場科技與藝術交會的年度盛會，與我們一同展望未來生命的無限可能。
策展人的話
聚焦於科技快速發展下，未來生命形式的想像與探索。展覽由「嵌合賽伯格」、「混種創生」與「虛擬生命」三大子題構成，呈現從機器人、人造人、賽伯格、基因改造到人工智慧與人工生命等新興生命樣態，揭示人類在創造與模擬生命過程中的多元可能。
策展理念呼應哲學家柏格森《創造性演化》中「生命衝動」的思想，強調生命與宇宙的不斷生成與演化；並結合斯蒂格勒對技術與生命交織關係的觀察，指出技術不只是工具，更是推動未來生命進化的驅動力。本展視技術與自然、人工與有機不再對立，而是一種共生共創的生成網絡。
「New Type」一詞亦取自經典動畫《機動戰士》，象徵突破現有認知的新人類概念。展覽以此為引，串聯哲學、科幻與當代藝術觀點，引導觀眾重新思考生命的定義與邊界，在科技與藝術的對話中，探索未來生命的倫理挑戰與可能路徑。
策展人：謝慧青"
https://artemperor.tw/tidbits/18815,台灣，苗栗縣,竹南蛇窯Zhu Nan Snake Kiln【自然釉．釉母】林瑞華＆神山清子 柴燒陶藝雙個展,https://d2onjhd726mt7c.cloudfront.net/images/datas/000/120/292/nefupaf854c3kz1q44f2z3tas77mllx1_800x420^.jpg,2025-09-19 ~ 2025-09-28,公園路206號,https://www.taxt.tw/,林瑞華、神山清子,"〔文明的折返點：自然釉與釉母的啟示〕
自人類開始製陶，至今已歷經兩萬年，在這段漫長的歷史長河中，人類發明了「陶」，開啟了改變物質、改變生活的文明新紀元，史稱：新石器時代。三千多年前，中國最先改良了窯爐結構與陶土成分，發現了高嶺土，並燒製出原始青瓷，接續發展出陶瓷上釉文化，成為文明重要的領航者，人類自此踏上了分解與合成物質的文明之路。
1975年，日本陶藝家神山清子重新回到人類蓋窯、燒陶的起點，找回「自然釉」。她以不施釉藥為挑戰，探索土、柴、火三者在高溫中自然生成的釉色變化，重新賦予「原始青瓷」新的當代表現。她以當代陶藝家的身分，走進中國古人早已捨棄的技術領域，從自然中尋找人類用土與火創作的根源。
2003年，台灣陶藝家林瑞華發表「十彩窯汗」，進一步走入比原始青瓷更前線的火膛。他深入火與土交會的極限溫度，探索物質與色彩的極致變化。2012年，林瑞華發表「釉母」，突破火膛極限，跳脫傳統釉藥邏輯，以大地為導師、以自然礦物為語言，創造出全新結晶的礦玉質感——彷彿玉石、寶石般的自然之釉，成為陶藝發展中的嶄新可能。
這兩位創作者所走之路，幾乎與當代文明背道而馳。他們選擇放棄科技所提供的便捷，以生命探索自然的語言。他們的創作之路寂寞、孤絕，卻蘊藏著面對黑夜與火焰的深刻智慧。他們提醒我們，在工業文明造成的空氣污染、地質破壞與氣候危機的此刻，人類是否還有其他可能？
神山清子以自然釉震撼世界陶藝界，提醒人類重新思考物質與自然的關係，並重新找回自然永恆之美。林瑞華以「釉母」開啟陶藝的未來視野，證明我們無需過度採礦與精煉白瓷土，也能展現礦土原有的質地之美；無需依賴濃縮的金屬氧化物釉藥，也能從土與火的結合中，燒出自然凝結的釉之母岩；我們可以使用可循環的自然能源，創造對人類真正有用的器物。
這不僅是陶藝的探索，更是一條新文明與不斷反思的精神結晶。
陶藝，向來承載著人類對美感與實用的雙重追求；而今，它也承載著人類對自然與未來的責任。在這個文明的折返點上，願這場展覽成為我們反思文明與自然關係的啟示錄，在追求精神與心靈饗宴的同時，踏出新一步——創造一種更貼近土地、尊重自然的生活方式。"
https://artemperor.tw/tidbits/18833,台灣，台北市,鳳甲美術館【異織獨繡鳳甲美術館刺繡典藏選粹】The Other Side: Selected Embroidery from Hong-Gah Museum Collection,https://d2onjhd726mt7c.cloudfront.net/images/datas/000/120/412/fkr0gy0jwnl2gpoe1gsd55pd2xzli8bv_800x420^.jpg,2025-09-20 ~ 2026-02-08,台北市北投區大業路166號11F,https://hong-gah.org.tw/hong-gah/the-other-side,林瑞華、神山清子,"異織獨繡：鳳甲美術館刺繡典藏選粹
The Other Side: Selected Embroidery from Hong-Gah Museum Collection
(for English, please scroll down)
​
展期：2025.09.20 – 02.08
地點：鳳甲美術館（台北市北投區大業路166號11樓）
開幕式
2025.09.21（日）14:00
刺繡是一門將時間織入空間的藝術，以無數次的針線來回，成就布帛上萬千姿態的圖像與紋飾，承載著豐富的歷史記憶與文化象徵。本次「異織獨繡 The Other Side」延續鳳甲美術館往年曾舉辦的主題性刺繡藏品展覽（註），透過風格多樣、技法精湛的刺繡作品，揭示1950年至1990年間攀至巔峰的中國現代刺繡技術，以及其所反映之特定時代下的社會文化與價值變遷。
「異織獨繡 The Other Side」不僅說明各地區刺繡技法與風格的差異性，也隱含這些作品在時代流動中來到異地、他方的歷史軌跡，更提示了它們大多得倚賴團體作業以完成一件作品的獨特性；同時，也期待藉由展覽進一步認識並看見每件繡品背後所蘊藏的文化與歷史價值。
本展精選四十件刺繡藏品，皆來自美術館創辦人邱再興先生的私人收藏。展覽共分三區：「絲線之道」、「時代織痕」、「繡裡藏光」，分別就刺繡的技法與形式、社會功能與歷史脈絡，以及信仰與象徵意涵，展現刺繡無盡的面貌。三個面向並非獨立相斥，而是互為參照、提供觀看刺繡的多種視角。每件作品皆同時涉及技法的演進、社會的脈動及精神的寄託，觀眾可循不同視角進入刺繡的世界，發掘其多層次的美學價值與文化意義。
鳳甲美術館成立至今逾廿年，累積包含水墨、書法、油畫、雕塑、攝影、影像等多元媒材的館藏，其中尤以五百餘件的中國現代刺繡最為人所知，是亞洲地區最重要的私人收藏之一。美術館期望藉定期性的藏品展示與推廣，持續促進社區美學教育與跨領域對話，亦透過主題性展覽、國內外藝術家個展及社區藝術參與等計畫，作為當代藝術展演的實踐現場，搭建藝術與社會之間的交流平台。
註：2005年於國父紀念館舉辦「絲情畫意－當代繡畫藝術展」、2009年於鳳甲美術館舉辦「奇針藝繡－鳳甲美術館十年刺繡選粹」、2013年於鳳甲美術館舉辦「繡外畫中－鳳甲美術館中國刺繡館藏暨多媒體文創應用展」、2021年於鳳甲美術館舉辦「刺繡秀秀：織品上的圖像記事」。
指導單位：文化部、台北市政府文化局
主辦單位：財團法人邱再興文教基金會
執行單位：鳳甲美術館
​
- - - - - - - - - - - - - - - - - - - - -
​
​
Dates: 2025.07.05-08.31
Venue: Hong-Gah Museum (11F., No. 166, Daye Rd., Beitou Dist., Taipei City 11268, Taiwan )
Opening
2025.09.21 (Sun) 14:00
​
Embroidery is an art that weaves time into space—its imagery formed through the countless and repeated back-and-forth motion of needle and thread, where each stitch accumulates the weight of time, cultural memory, and historical meaning.
Following a series of themed embroidery exhibitions previously organized by Hong-Gah Museum (see note), The Other Side sheds light on the peak of modern Chinese embroidery between the 1950s and 1990s. Through an extensive collection of technically accomplished and stylistically diverse works, the exhibition reflects the shifting cultural values and social currents of their time.
While The Other Side foregrounds regional variation in technique and style, it also draws attention to the broader historical itineraries of these works—their displacement across time and geography. Many pieces were created through collective labor, revealing how the unique is often forged through the hands of many. At the same time, the exhibition invites viewers to encounter the other side of embroidery—uncovering its layered histories and meanings.
The Other Side presents forty embroidered pieces from the private collection of the museum’s founder, Mr. Andrew Chew. The three thematic sections: The Way of Thread, Stitches in Time, and  Light within the Embroidery explore embroidery respectively through the lenses of technique and form, social function and historical context, and spiritual resonance and cultural sensibility. While each perspective offers a distinct entry point, they are by no means mutually exclusive. Rather, they encourage viewers to see embroidery as a richly layered cultural practice. Each piece is at once a site of technical evolution, a vessel of social memory, and a medium for symbolic expression.
Founded over two decades ago, Hong-Gah Museum has steadily built a diverse collection spanning ink painting, calligraphy, oil painting, sculpture, photography, and moving images. Among its holdings, more than 500 works of modern Chinese embroidery stand out as a particularly significant private collection in Asia. Through ongoing presentation of its collections and a commitment to public engagement, the museum continues to foster art education and cross-disciplinary dialogue. It also remains an active site for contemporary art practices, curating thematic exhibitions, solo presentations by artists from Taiwan and abroad, and hosting various kinds of community projects, to create meaningful encounters between art and society.
Note: Previous embroidery exhibitions include Beyond Stitch - The Modern Chinese Embroidery Art Exhibition (Sun Yat-sen Memorial Hall, 2005); The Embroidery Exquisite Collection of Hong-Gah Museum (Hong-Gah Museum, 2009); 繡外畫中－鳳甲美術館中國刺繡館藏暨多媒體文創應用展 (Hong-Gah Museum, 2013); and Showing Stories: Images on Chinese Modern Embroidery (Hong-Gah Museum, 2021).
Advisors: Ministry of Culture, Taipei City Government Department of Cultural Affairs
Organizers: Chew’s Culture Foundation
Executive Organizer: Hong-Gah Museum"
https://artemperor.tw/tidbits/18805,台灣，新竹市,絕版影像館【母親小島】吳家昀個展,https://d2onjhd726mt7c.cloudfront.net/images/datas/000/120/260/cbzc1ifqn0flc0ihh17cpz3afux6b4g6_800x420^.jpg,2025-09-20 ~ 2025-11-22,絕版影像館一樓（新竹市東南街53巷47-1號）,https://uniquephoto.com.tw/,吳家昀,"絕版影像館自2019年展出藝術家吳家昀燈箱作品《孤島》(2017)以來,便持續關注她的創作脈絡。其後,她延續從檔案夾撿拾影像的方式,嘗試以影像「製造」影像,藉由解構並重構新的影像空間,干擾或合併其原有的個體性,將來自不同時空的被攝物置於一種懸擱狀態。去年於二樓放映室展出的多部電影作品,以個展《這趟旅途沒有回程》,更讓我們深刻感受到她在影像敘事上的敏銳感知與表達力。近年來,藝術家不斷突破自我,並移居紐約,投入更廣闊的國際創作環境。她近期也以新作《母親小島》入選迪奧攝影與視覺藝術獎,該獎項由迪奧創立並與阿爾勒 LUMA 基金會及法國國立高等攝影學院(ENSP)合作。同時藝術家也將參與今年度的台北雙年展與台灣美術雙年展,展現其備受矚目的藝術能量。
此次個展將結合《母親小島》、《旅》與《倒影的河》,呈現藝術家持續探索「抓拍與敘事」、「偶然與實驗」之間的創作脈絡。因傾向不打擾他人,她的攝影始終以抓拍親人與遠景為主;自開始拍照以來,檔案夾裡也累積了大量來自不同時間、地點且不帶任何目的的影像。透過這些元素,她展現作為來自台灣的旅人,如何在家、國家與世界之間不斷追問與凝視,而這種無法被完全解答的狀態,已成為她一生的執念。
《母親小島》關乎自由、歸屬感與虛無,描繪一種無法言說的平靜與空洞。藝術家藉由父母、家人與地景的抓拍攝影,將意識流的片段具象化,試圖解構其流動性的本質,在碎裂的影像裡重建希望的地圖。此系列結合手繪、噴漆、版畫等複合媒材,透過層疊與空鏡,營造疏離而感性的氛圍,探索自由與禁錮之間的矛盾張力。水的意象在其中成為核心,不僅象徵著身份認同的孤立與不安,也傳達出家國既絕美又孤獨的情境。
母親小島
藝術家｜吳家昀
時間｜2025年9月20日-11月22日
開幕｜2025年9月20日(六)15:00*藝術家將親臨開幕
地點｜絕版影像館一樓"
https://artemperor.tw/tidbits/18886,台灣，台北市,采泥藝術【歲月風中—陸先銘個展】In the Winds of Time — LU Hsien-Ming Solo Exhibition,https://d2onjhd726mt7c.cloudfront.net/images/datas/000/120/622/ciu8yd5tkrqomgubviv2b3eibq7f77r9_800x420^.jpg,2025-09-20 ~ 2025-11-02,采泥藝術,https://uniquephoto.com.tw/,陸先銘,"■ 09/21 Sun.
15:00 開幕座談 Opening Talk
陸先銘x蔡明君（亞洲大學現代美術館副館長）
LU Hsien-Ming x TSAI Ming-Jiun (Deputy Director, Asia University Museum of Modern Art)
16:30 展覽開幕 Opening
—————————————————————
陸先銘長達四十餘年的創作歷程，始終圍繞著「缺席」與「凝視」這兩條隱藏於畫面深處的主軸，構築出其獨特的藝術語言。從冷硬的幾何結構、抽離人的身影的「陸橋系列」(Bridge Period)，到人物被異常放大卻被壓縮於狹隘背景的「人物時期」(Figures Period)，再至科技材質介入、帶有鏡像幻象的「城市劇場」(Urban Theater Period)，再至無時間標記的老樹肖像。他持續以畫筆探究空間、觀看與身體的關係，於多變的媒材與視角之間，沉思生存與存在的議題。
在陸先銘的創作軌跡中，「榕」是最為幽微卻恆久的一條暗線。它或許並非歷次展覽的焦點，卻始終存在於藝術家的視野中。自大學時代起，榕樹便經常出現在陸先銘的相機觀景窗裡，成為他習慣性凝視的對象；早期作品中亦可見榕的身影悄然盤踞角落。這種非刻意的注目，經過長年觀察而內化，成為藝術家生活中默然共存的精神映像。對陸先銘而言，榕不僅是一自然物，更是一種帶有信仰意味的精神所在。
本次展覽「歲月風中」，象徵這條暗線的全面浮現與最終顯影。展覽核心之大尺幅新作《天地悠悠歲自落》描繪老榕樹橫展枝幹、蜿蜒盤結的根系，象徵生命歷程中的糾結、牽扯與迴旋；枝頭新芽隱現，則暗示生命循環。這棵老樹獨立於虛空，無依無景，卻穩重如碑，堅毅若像，承載著守護與記憶的份量。它引人聯想到台灣鄉村和街角常見的榕樹下土地公廟，那裡是人與神、土地與記憶共生的精神場所。榕與土地公意象在此交織，形成一種集合體——既是物理的地標，也是情感與信仰的凝聚點。遠觀此樹，非僅枝葉繁茂的植物，而是無形社群的承載，是一處靜默而持久的在場證明。
與之對應的，是另一面牆上由五十件小作品組成的《日月灼灼愿隨緣》。此作抽象與意象交織，將具象的榕影抽離為感知與氣韻的殘留，象徵藝術語彙的拆解、重構與轉型。此意象拼圖不再拘泥於榕樹的形貌，而是揭示其精神與氣韻的延續。此外，《城市組曲》呈現榕樹作為城市在地記憶的角色，以及樹與人相視的交匯點。
本展不僅集陸先銘近八年創作之大成，更可能是陸先銘「榕樹系列」的終章。正如藝術家所言，榕的形與意已臻極致，「再畫，便是重複，而非深化」。此刻的榕，已經超越眼前的樹，成為陸先銘的精神山岳。"
https://artemperor.tw/tidbits/18841,台灣,金車文教基金會【譚又嘉 創作個展「旱海」】Tan Yu-Chia Solo Exhibition: The Drought Sea,https://d2onjhd726mt7c.cloudfront.net/images/datas/000/120/453/ytnovxhsz4fwra5eg6zfzndnci9ih74o_800x420^.jpg,2025-09-20 ~ 2025-11-02,臺北市中山區南京東路二段1號3F,https://kingcar.pro/en14eMFVr,譚又嘉,"༄ 藝術家介紹
譚又嘉（b.1995），2023年畢業於北京中央美術學院油畫系研究所，現往返於北京與臺北之間生活與創作。她以繪畫為核心，探索其在材質、結構與色彩上的實驗性可能，並將過程中生成的感知轉化為多層次的圖像語彙。作品常融合東西方美學元素，藉由抽象與具象之間的流動，呈現文化交融與情感張力的視覺風景。
༄ 展覽介紹
以「旱海」為意象，象徵靜止與流動並存的矛盾張力，呼應藝術家對生活與情感中對立狀態的觀察。如攀登高峰時的壓迫與壯麗並行、漂浮水面時的輕盈與深海未知的交錯。作品透過多視角、重疊式的構圖與層層堆疊的色彩，將旅行經驗、文化符號與心理感知交織於同一畫面，構築出介於現實與記憶之間的抽象風景。
展覽專訪➥https://kingcar.pro/en14eMFVr
༄ 展覽資訊
譚又嘉 創作個展【旱海】
Tan Yu-Chia Solo Exhibition: The Drought Sea
展期：2025.09.20 (六) – 11.02 (日)
開幕：2025.09.20 (六) 下午 15:30
地點：金車文藝中心 臺北南京館（臺北市南京東路二段1號3F）
主辦單位：金車文教基金會/金車文藝中心KCCA"
https://artemperor.tw/tidbits/18838,台灣，台北市,金車文教基金會【蔡瑞恒 創作個展【做一個具裝飾性的幽靈】,https://d2onjhd726mt7c.cloudfront.net/images/datas/000/120/442/jsm56qlecfefyatmlqqbnt4np3jr242i_800x420^.jpg,2025-09-20 ~ 2025-11-02,金車文藝中心 臺北南京館（臺北市南京東路二段1號3F）,https://www.kingcarart.org.tw/exhibitions-detail/236,蔡瑞恒,"KCCA南京館｜7-9月展覽介紹
藝術家介紹
蔡瑞恒 (b. 1989, Taiwan)，現⼯作與居住於台北。2018年畢業於國立臺北藝術⼤學美術創作碩⼠，2012 年取得國立虎尾科技⼤學⼯業管理學⼠學位。這段跨領域經歷形塑了他對社會秩序與失控之間張⼒的關注。
蔡瑞恒的創作充滿荒誕及憂傷，描繪出焦慮與不知所措之結合。他在繪畫中融入了個⼈的⽣命記憶，並對其隱喻了他對社會的困惑。他擅於運⽤濕潤、透明與混濁的質地經營畫⾯，將這份濕濡夾雜著薄薄霉味的質地帶入繪畫之中。這些畫⾯充滿滑稽與混亂感，也同時回應了現實的荒謬與無序。
展覽介紹
⽣長在⾼溫潮濕的島嶼國家-臺灣，早已習慣了⼤雨過後的發霉與⽔分浸潤於空氣之中，⼀直以來我將這份濕潤夾雜著薄薄霉味的質地帶入繪畫之中。這些畫⾯充滿滑稽與混亂感，也同時回應了現實的荒謬與無序。
也因此我的創作主軸圍繞在潮濕、發霉、混亂的場景下，⼈或是動物們的空洞狀態，以此為延伸。在⾯對強⼤且不可動搖的現實狀態時，以荒誕、糜爛、消融等繪畫語⾔去回應⼀個想像中的威脅，藉此去陳述世代的軟弱也可以作為⼀種抵抗。創作中更加著重於⼈非⼈、狗非狗的⾓⾊姿態，在歷史影像或是模糊且潮濕之背景之下，產出的⼀點荒謬、憂傷以及可愛。
展覽專訪➥https://kingcar.pro/en14XFviq
展覽資訊
蔡瑞恒 創作個展【做一個具裝飾性的幽靈】
Cai Ruei-Heng Solo Exhibition: Playing the Ornamental Ghost
展期：2025.09.20 (六) – 11.02 (日)
開幕：2025.09.20 (六) 下午 14:30
地點：金車文藝中心 臺北南京館（臺北市南京東路二段1號3F）
主辦單位：金車文教基金會/金車文藝中心KCCA
_
#金車文藝中心 #KCCA #展覽 #Exhibitions
#蔡瑞恒 #做一個具裝飾性的幽靈 #PlayingtheOrnamentalGhost"
https://artemperor.tw/tidbits/18877,台灣，高雄市,大唐生活美學館【碧維學 Biviology－吳東龍個展】,https://d2onjhd726mt7c.cloudfront.net/images/datas/000/120/574/v8uysbo2afps3vkn0ren4aljud7qzlb3_800x420^.jpg,2025-09-20 ~ 2025-11-01,高雄市三民區九如一路588號,https://drive.google.com/file/d/1WmHd45HMM3sWiBk3WpTrx82qJlRRkdPZ/view?usp=sharing,吳東龍,"展覽文述
《碧維學（Biviology）》是藝術家吳東龍以個人創作語彙為基礎的抽象視覺系統，結合色彩、空間與形構，轉化為一套內在秩序的視覺語言。
展名結合了中文詩意與西方語源結構：「碧」Bi 象徵著靜謐、深邃與內省的色彩狀態，「維」vi 則指涉結構、維度與感知，而「-ology」的詞尾，常見於如生物學（biology）或符號學（semiology）等並意味著一種持續演化的觀看方法。此一造詞 Biviology，意在表達色彩、空間、知覺之間交織而成的共感系統，是一種以理性建構詩意、以秩序召喚靜謐的藝術方法與創作過程。
創作的脈絡上，以極簡抽象作為核心語言，嘗試在最少的視覺元素中，尋找最大的感知張力。畫面中的幾何形構不再是理性規則的演算結果，而是與身體節奏、呼吸與空間感同步生成的視覺節奏。在反覆構思的過程中強調虛實互換、節制與結構的平衡——畫布上的線、面與比例不是為了描繪什麼具象，而是構築一種看似靜止卻又深邃的感知場域。極簡是一種向內收斂的秩序，一種讓觀看者停駐、遞延、靜心的入口。這些作品是靜默的、無語的，卻也因此成為觀看與存在之間某種純粹關係的載體。
此外，色彩與基底在創作中亦是核心的精神媒介。藝術家偏好使用沉靜優雅的色域——碧、湛、黛、赭、灰——這些難以命名的過渡色調帶有模糊而含蓄的感性能量，既不強迫觀看，也不完全退場，而是在觀看者與畫面之間創造一種懸浮的心理狀態。色彩在層層疊擦來回堆抹後呈現出手工畫布的有機紋理，是從平面轉化為心理空間的延伸。這些色域像是溫度微變的空氣，也像水面無聲的波瀾，令每次凝視都像在碧色薄霧中重新定義觀看的可能。"
https://artemperor.tw/tidbits/18837,台灣，台北市,阿波羅畫廊【玻璃心】德國.斯洛伐克藝術家 四人聯展,https://d2onjhd726mt7c.cloudfront.net/images/datas/000/120/434/padv6u293nyhmbqyacmbjmfpe15w5b8h_800x420^.jpg,2025-09-20 ~ 2025-10-08,臺北市忠孝東路四段218-6號2樓 (阿波羅畫廊/大廈入口位於忠孝東路),https://drive.google.com/file/d/1WmHd45HMM3sWiBk3WpTrx82qJlRRkdPZ/view?usp=sharing,Uwe Mertsch、Gabriela Medwedova、Matti Isan Blind、Mario Weinberg,"人生性具有情感，與他人交流連結。給予和接受愛與關懷，凝聚起一股強而有力的正向能量。然而，有時難免經歷挫折，接收負面情緒，內心變得脆弱。一如玻璃，經由高溫熔化形塑成透明的質感極為迷人，像鏡子映照周圍的環境，透視觀者的狀態。看似堅硬的外表下，容易受到外在的衝擊而破碎，觸及心中敏感地帶。四位藝術家利用不同的媒材和手段，各自呈現獨特的風格，不論是具象或抽象，皆展現敏銳的洞察力，對生活與人性細膩地的觀察。
Uwe Mertsch運用拼貼的方式，透過紙張撕裂，搭配繪畫的點綴，重新建構成新的面貌，簡單的線條和畫面，表現簡單即是美的日常生活美感。Gabriela Medwedova的作品猶如窺探光的縫隙，探究光的各種面貌，利用壓克力顏料捕捉光型態和色澤，線條間展露各種色彩，彼此相互輝映。Matti Isan Blind以油彩描繪生活周遭的場景，帶有超脫現實的元素，畫中人物的神情，若有似無地透露言外之意，引領觀者進入異想世界。Mario Weinberg利用油彩、噴漆、環氧樹脂等各種複合媒材，大膽嘗試抽象藝術無限的可能性，來回碰撞間，迸發出新的面貌，鮮豔的色彩和多元變化的線條交織下，使畫面具有豐富的層次感，帶來無比的想像。"
https://artemperor.tw/tidbits/18822,台灣，高雄市,高雄市新浜碼頭藝術學會【再喚物神 】陳憲則個展,https://d2onjhd726mt7c.cloudfront.net/images/datas/000/120/364/18v80gnlf8h7z7og26dz1q6xzyysd1hx_800x420^.jpg,2025-09-24 ~ 2025-10-14,大勇路64號2F,https://drive.google.com/file/d/1WmHd45HMM3sWiBk3WpTrx82qJlRRkdPZ/view?usp=sharing,陳憲則,"此次展覽以童年遊玩《寶可夢》GBA遊戲機的經驗為基底，探索寶可夢在童年幻想中所承載的神聖性想像，而開始創作研究。透過回望這段神格化經驗，進而反思卡漫角色與我之間的存在關係，並質疑我的文化主體性是否仍具有原生性，在全球流行的卡漫文化中，收藏行為是否早已深陷商業性操作與消費欲望的循環？以此為切入點，將這些深植於童年記憶中神聖性的感受進行解構與轉化，使用陶瓷作為創作媒材，破壞、再製，作為手段，企圖敘述這樣陪伴我成長至今的卡漫角色究竟如何存在，從一開始的排斥到逐漸接受，在平行時空裡或許它真的存在，如孩童時期般純真的信仰，始終在我的生命中佔有一席之地。
▍藝術家｜陳憲則
▍展覽日期｜114 / 9 / 24(三) ~ 114 / 10 / 14(二)，周一二公休
▍展覽地點｜新浜碼頭藝術空間A、B展覽室
▍開幕茶會｜2025.10.03(五)，14:00
▍空間贊助單位｜國藝會
▍新浜行政｜陳羚溱、吳宛倫
▍實習生｜廖怡瑄、孔媛"
https://artemperor.tw/tidbits/18804,台灣，台南市,台南知事官邸【轉身】鄭素美 首場個展,https://d2onjhd726mt7c.cloudfront.net/images/datas/000/120/491/hqdxsmc498jrvgxygpb8adnj69b4uxnz_800x420^.jpg,2025-09-25 ~ 2025-11-02,台南市東區衛民街1號,https://drive.google.com/file/d/1WmHd45HMM3sWiBk3WpTrx82qJlRRkdPZ/view?usp=sharing,鄭素美,"展覽主題｜轉身
轉身，是一種姿態，也是一次心境的改變。她，或許輕盈如風，或許沉穩如水，在不經意的瞬間，將未盡的故事留在背影裡。本次展覽以女性與自畫像為核心，描繪那些屬於女人的溫柔、堅韌與神秘。細膩的寫實筆觸捕捉情感的深度，偶爾流動的抽象色彩，讓情緒自由呼吸。每一幅畫，都是與自我的溝通對話，也希望帶給觀者，微微顫動。
藝術家簡介｜鄭素美
國立台南大學視覺藝術學系碩士。自幼執愛於畫筆，因人生轉折曾將創作暫置一旁，數年前再度拾起，將歲月沉澱與生命溫度化作色彩與線條。擅長油畫與複合媒材，風格以寫實為基礎，揉合浪漫與詩意，關注女性的內在風景與情感流動。對我而言，繪畫是另一種日記，既記錄當下，也在時光深處，留下未竟的夢。"
https://artemperor.tw/tidbits/18554,國際，Japan,一般社団法人アートフェアアジア福岡【AFAF AWARD powered by E.SUN Bank】AFAF AWARD powered by E.SUN BANK,https://d2onjhd726mt7c.cloudfront.net/images/datas/000/119/034/7n5f3ayoh67acirj4p0doglxmpwpzb3l_800x420^.jpg,2025-09-25 ~ 2025-09-28,FUKUOKA,https://artfair.asia/news/20250610/,鄭素美,"「ART FAIR ASIA FUKUOKA 2025」將舉辦公開徵件展覽『AFAF AWARD powered by E.SUN BANK』，旨在發掘新世代藝術家，並支持有志於更上層樓的創作者持續發展。
本企劃由致力於生物多樣性保育及文化藝術推廣的台灣金融機構—玉山銀行（E.SUN BANK）贊助支持，入選作品將於藝博會會場內的特設展區中展出。
誠摯歡迎各位有企圖心且充滿創意的藝術家們踴躍參加！
兩種徵件類別，為藝術家們開啟參與的大門
為了回應藝術創作的多元樣貌，本次公開徵件特別設立兩個部門，分別對應具備一定創作經歷的資深藝術家與尚未與商業畫廊合作的新銳創作者，期望提供不同階段的藝術家適切的發展機會。
AFAF AWARD
本類別針對積極拓展市場與能見度的藝術家與次世代創作者，提供與活躍於亞洲藝術界的關鍵人物交流與獲得評價的機會。為協助藝術家拓展國際視野，亦設有「台灣藝術視察支援費」，支持其持續邁向更高的發展舞台。
AFAF AWARD 登竜門
本類別以希望以專業藝術家為職志，或期望拓展創作領域的創作者為對象，提供與藝術市場接軌的機會，並透過於日本國內最大規模藝術博覽會中發表作品，協助藝術家邁出躍升的重要一步。"
https://artemperor.tw/tidbits/18887,台灣，高雄市,高雄市政府文化局駁二藝術特區【駁二當代館｜森棲棲！插畫家的綠色狂想】,https://d2onjhd726mt7c.cloudfront.net/images/datas/000/120/623/ik5s1sqmzs5b1gti4h88ys7jwpgshtod_800x420^.jpg,2025-09-26 ~ 2026-03-01,駁二大勇區C5當代館（高雄市鹽埕區大勇路1號）,https://pier2.org/exhibition/info/1692/,33_original 女子的日常生活插畫、Eat MushRoom 食菇、Humor Star 幽默之星、manual_for_all、Minghan H.、PHOERADISE - Phoebe Chen、Raimochi、Sophia Ji 插畫工作室、羊號角 Piper、夏仙 Sammi、浮游人、湯姆先生 Mr. Tom、絨絨森林 Fluffy Forest,"森林，對你而言是什麼樣的存在？
是療癒心靈的秘境？是小時候奔跑玩耍、滿身泥土氣味的回憶場所？或者，它是現實生活之外，一個可以安心躲藏、放空沉澱的自然庇護所。對許多人來說，森林不只是由樹木、陽光與空氣組成的空間，更像是一個情感的容器——承載著快樂、平靜、孤獨，甚至未知的想像。
「森棲棲！插畫家的綠色狂想」中的15個插畫展區，是創作者與森林對話的呈現，不僅描繪了森林的樣貌，也擁抱幻想虛構的自由，更映照出人類對自然的感知與體悟。邀請你走進這場專屬於插畫的森林探險，揭開一封封寄自綠意深處的信。
––––––––––––––––––––––––––––––––––––––––
෴森棲棲！插畫家的綠色狂想෴
▦ 展覽時間｜2025.09.26（五）-2026.03.01（日）
▦ 展覽地點｜駁二大勇區 C5當代館
▦ 主辦單位｜高雄市政府文化局、駁二藝術特區
▦ 策展單位｜駁二當代館
▦ 參展單位｜33_original 女子的日常生活插畫、Eat MushRoom 食菇、Humor Star 幽默之星、manual_for_all、Minghan H.、PHOERADISE - Phoebe Chen、Raimochi、Sophia Ji 插畫工作室、羊號角 Piper、夏仙 Sammi、浮游人、湯姆先生 Mr. Tom、絨絨森林 Fluffy Forest
▦ 授權單位｜大塊文化、國立臺灣博物館
▦ 藝文合作｜WINK PHOTO、山衣丁planedo
▦ 展覽資訊｜https://pier2.org/exhibition/info/1692/"
https://artemperor.tw/tidbits/18848,台灣，基隆市,基隆市文化觀光局【2025基隆潮藝術】,https://d2onjhd726mt7c.cloudfront.net/images/datas/000/120/476/webwyplq2zbgk8fcvwijbjlnavn6ti4u_800x420^.jpg,2025-09-26 ~ 2025-10-26,山展區（基隆塔至信二防空洞）、 海展區（正濱漁會大樓、原民會館觀海平台與阿根納造船廠）、 城展區（基隆城際轉運站、委託行商圈、海洋廣場與基隆市美術館前廣場）,https://pier2.org/exhibition/info/1692/,王仲堃、任興淳 IM Heung-soon、伍廷・詹薩塔布特 Wuttin Chansataboot、、金岐大 Kim Kidai、吳柏葳、徐瑞謙、陳普、張恩滿、張欣語、豬股亞希 Aki Inomata、賴彥勳 × 東熙 × 林佩儒、酸屋（侯如寬、陳孝齊、陳冠穎、羅婷之）、謝榕蔚、Nio Ni、HomoPleasure,"由基隆市文化觀光局主辦的「基隆潮藝術」將於 9 月 26 日至 10 月 26 日登場。基隆潮藝術邁入第十年，展覽規模與藝術家陣容全面升級，過往「基隆潮藝術」主要展區為正濱漁港至阿根納造船廠遺構一帶，本屆將串聯 19 組藝術創作，橫跨基隆的山、海、城三大區域，邀請民眾以藝術視角深入認識基隆，感受港都嶄新的文化地景。
本屆恰逢「聖薩爾瓦多城（San Salvodor）」於基隆起造滿四百年，基隆市文化觀光局首度將展區擴展至多個行政區，邀集來自國內、外 15 組藝術家團隊進駐創作，並結合藝術市集與一系列展演活動，讓藝術成為串連城市與人群的媒介。
.
❚ 展出地點
山展區（基隆塔至信二防空洞）、
海展區（正濱漁會大樓、原民會館觀海平台與阿根納造船廠）、
城展區（基隆城際轉運站、委託行商圈、海洋廣場與基隆市美術館前廣場）
指導單位：文化部
主辦單位：基隆市政府、基隆市文化觀光局
策展人：陳晞、姜帝旭 Jeauk Lucas Kang
❚ 參展藝術家
• 王仲堃
• 任興淳 IM Heung-soon（韓）
• 伍廷・詹薩塔布特 Wuttin Chansataboot（泰）
• 金岐大 Kim Kidai（韓）
• 吳柏葳
• 徐瑞謙
• 陳普
• 張恩滿
• 張欣語
• 豬股亞希 Aki Inomata（日）
• 賴彥勳 × 東熙 × 林佩儒
• 酸屋（侯如寬、陳孝齊、陳冠穎、羅婷之）
• 謝榕蔚
• Nio Ni
• HomoPleasure，成員包括：登曼波、羅智信、林建文、郭于寧、陳楷恩、李雅雯、中野泰輔（日）、浦芝眞史（日）、Betty Apple、柯納・霍根 Corner Hogan（美）、火山、熊元培
❚ 藝術孵育計劃 獲選藝術家團隊
• 何昆瀚 x 林毓恩
• 周柏慶
• 陳亮璇
• 張子恩"
https://artemperor.tw/tidbits/18851,台灣，嘉義縣,現代畫廊【犀象太平 太平有犀  吉祥如意】元寶犀牛落成揭幕式,https://d2onjhd726mt7c.cloudfront.net/images/datas/000/120/471/zrsnzp8aiwuygn40noclplawob6eyu7c_800x420^.jpg,2025-09-26 ~ 2025-09-26,嘉義縣梅山鄉太平村下坑仔 5 號,https://www.smagtw.org/taiping-rhino.html,施力仁,"元寶犀牛》——一份對幸福與希望的深切願望，化為藝術的形體。
在山嵐之間，它宛如守護之靈靜靜屹立於嘉義梅山太平雲梯，將「太平、希望與仁愛」的祝福悄悄注入旅人心中。昂指向天的犀角，刻有同心圓的紋理，寓意生命的獨特與延續，那份姿態，象徵勇氣與希望不斷向上。
特別感謝 勤誠興業股份有限公司 的支持，讓這份祝福化為藝術與文化的能量，與太平的山川共生共榮。"
https://artemperor.tw/tidbits/18770,台灣，台南市,國立臺南生活美學館【?迌物】遊戲與生活美學,https://d2onjhd726mt7c.cloudfront.net/images/datas/000/120/097/681cgwqjnscw6pm07ndj6tkzi5nlmxs2_800x420^.jpg,2025-09-26 ~ 2025-08-30,國立臺南生活美學館（臺南市中西區中華西路二段34號）,https://www.tncsec.gov.tw/Default.aspx,王德瑜、陳宣誠-共感地景創作、李維睦、吳沛宸、周建和-街頭物理工作室、阿伯樂戲工場、臨書楷、張恩慈、曾偉豪、黃子欽、黃千倫、葉成仁、楊雨樵、楊思菁、楊雅嵐、蕭聖健,"回到日常的藝術實踐，將美學館化身為一個當代生活文化的實驗場。
物件創作 ╳ 身體表演 ╳ 音聲表達 ╳ 光影遊戲
由策展人吳瑪悧教授規劃，本次遊戲展匯集18位藝術家與遊戲相關的作品與裝置，並由跨齡、跨世代及青少年民眾參與22場工作坊，共同創作完成展出。開幕以物件劇場揭幕，展現遊戲與藝術的創造性連結，也呼應『生活美學就在時刻的玩興中』的策展理念。展覽邀請觀眾在互動、感官與想像之間穿梭，體驗藝術如何融入日常片刻，轉化為一場場有趣且啟發思考的生活遊戲。
✧ 展覽資訊✧
｜時間｜2025/9/26（五）—  2026/8/30（日）09:00-17:00(週一休館)
｜開幕｜114年9月26日(五)上午10點
｜地點｜本館第二、第三展覽室"
https://artemperor.tw/tidbits/18875,台灣，新北市,新北市美術館【映於自然】胡達華、康添旺雙個展,https://d2onjhd726mt7c.cloudfront.net/images/datas/000/120/571/ija7r3ityo6k99emp5dsvs2elftv0xbu_800x420^.jpg,2025-09-27 ~ 2025-12-14,新北市美術館 – 探索基地 L3,https://ntcart.museum/exhibition/H2509002,胡達華、康添旺,"「新美藝廊」首屆展覽邀請深受新北城市自然景觀啟發之創作者胡達華與康添旺一同展出，以「映於自然」為題，分別呈現藝術家對自然的凝視與靜觀描繪，將山河地貌與生活景象交織，於真實與感知之間生成新的觀看光譜，亦呈現兩種截然不同卻相互映照的創作視野。
藝術家胡達華自創「釘畫」技法，將回收金屬、鐵釘等廢棄材料切割、敲擊、釘合，重構地方風土與城市地景，作品既是地景的再現，也是材料的再生，折射出關於故土的情感記憶、地方與環境的複合敘事。藝術家康添旺則專注於描繪大地山河與微觀生態，他的圖像不僅是自然的描摹，而是一種與自然對話的過程，在他的畫布上，風景化為感知與時間的沉澱，指向一種哲思的心境。
兩位藝術家以截然不同的語彙創作，回應自然的多重面貌：一以物質重構山川形貌，一以筆墨觀照生命脈動。本展不僅映照真實的地景，更引領觀者在視覺記憶與心象感知之間穿行，於凝視與沉思之中，重新認識「自然」的多重面向。
關於 新美藝廊
新北市美術館為彰顯新北市豐富且多元的藝術創作能量，帶動自由藝術創作風氣，推出「新美藝廊」計畫，提供全民參與展示的平台。本計畫透過開放來自不同領域的藝術及文化工作者踴躍參與，並鼓勵與新北市在地資源共製或社區連結推廣為旨之展演創作，期待藉由多元創作觀點的交互對話，拓展藝術表現維度，展現自由且多樣的創作動能。
「新美藝廊」將於2025年底啟動徵件，期盼激盪出更豐沛的創作精神與活力。"
https://artemperor.tw/tidbits/18818,台灣，台北市,"琂樂堂藝文空間【緩緩被包圍當代藝術收藏展 II】Quietly, You Are Surrounded : A Contemporary Art Collection II",https://d2onjhd726mt7c.cloudfront.net/images/datas/000/120/324/evjcn82ehc6rysrzmnfcwbwfip8mvsd1_800x420^.jpg,2025-09-27 ~ 2025-10-26,環河北路一段111號1樓＆ 3樓,https://www.instagram.com/joyfulart_gallery/,姉川 たく  Taku Anekawa、許雨仁  Hsu Yu-jen、河井美咲  Misaki Kawai、郭奕臣  Kuo I-chen、pen public、渡辺おさむ  Osamu Watanabe、山口聡一  Soichi Yamaguchi、尹鍾錫  Yoon Jongseok、鐘錦沛  Zhong Jinpei,"藝術存在於你我身邊，是我們與空間之間的低語。
圖樣在牆上蔓延，折線於光影中呼吸，結構緩緩構成一種無聲的語言。
走進展場，被作品們緩緩包圍。
《緩緩被包圍：當代藝術收藏展 II》跨越了敘事與觀看，像是一種節奏，一種與空氣、牆面與你共享的存在狀態。在這之中，秩序與錯位、重複與留白彼此交織。每一件作品，都是靜默生活的一部分；每一次凝視，也都是與空間共振的一刻。
Art exists around us, a quiet murmur shared between ourselves and the space.
Patterns spread across the walls, folds breathe in the light, and structures gently form a silent language. Entering the exhibition, you are softly surrounded by the works.
Quietly, You Are Surrounded  : A Contemporary Art Collection II moves beyond narrative and observation.
It becomes a rhythm—
a state of presence shared between the air, the walls, and you.
Within it, order and dislocation, repetition and pause intertwine.
Each work is a part of quiet everyday life;
each gaze, a moment of resonance with space.
緩緩被包圍：當代藝術收藏展 II
Quietly, You Are Surrounded  : A Contemporary Art Collection II
日期 Date｜
2025 . 09 . 27（Sat）~ 10 . 26（Sun） 11:00~19:00 （Closed on Monday）
開幕 Opening｜
2025 . 09 . 27（Sat） 15:00
展出藝術家 Artists｜
姉川 たく  Taku Anekawa、許雨仁  Hsu Yu-jen、河井美咲  Misaki Kawai、郭奕臣  Kuo I-chen、pen public、渡辺おさむ  Osamu Watanabe、山口聡一  Soichi Yamaguchi、尹鍾錫  Yoon Jongseok、鐘錦沛  Zhong Jinpei
地點 Venue｜
台北市大同區環河北路一段111號1樓 ＆ 3樓  琂樂堂藝文空間
Joyful Art Gallery, 1F ＆ 3F., No. 111, Sec. 1, Huanhe N. Rd., Datong Dist., Taipei City , Taiwan"
https://artemperor.tw/tidbits/18872,台灣，台北市,鬧工作室【攝影說書互動小劇場】《異常處理中》系列活動,https://d2onjhd726mt7c.cloudfront.net/images/datas/000/120/565/6a729u1r7jey9fwtmo929agjfmdcu5fv_800x420^.jpg,2025-09-27 ~ 2025-09-27,鬧空間 NOW space／延平南路58號3F,https://www.facebook.com/events/1101978905365452,蘇厚文、hiponoz,"nowstudio.tw ’s 2F Shelf
​
攝影說書互動小劇場
​
-
​
09.27 14:00-15:30
鬧空間 NOW space
臺北市中正區延平南路58號3F
hiponoz、蘇厚文共同主持
​
無需費用
如需報名請填寫Google表單
https://forms.gle/oseJF3Zp9vKU7rrt9
​
________________________________
​
這不是一場單向的講述，而是一段你我共演的閱讀即興。我們將準備數本展覽之外的精選攝影書，不只是讓你「看書」，而是邀請你與書中的影像對話：說出你看到的、感覺到的、甚至編出你自己的敘事。現場將有引導者陪你翻頁、拋出提問，也許還會設下一些小遊戲（別擔心，不會考你），只為喚起更多元的詮釋。
歡迎膽小的觀眾、健談的說書人、還沒準備好但有點好奇的各位，一起加入這場影像與敘事之間的「小劇場」。
​
-
​
蘇厚文 @hou_wen_su
​
攝影藝術家，從事攝影接案與創作，擅長透過攝影書及影像裝置敘事作品，並將長年關注的溪流文化與生活的探索，近年創作關注台灣主體性的記憶及伴侶關係。作品《白日屯雷》獲選2025年桃源美展攝影類；作品《流動的邊界》獲得日本攝影出版社「赤々舎」青睞，並於2024年發行出版攝影書；作品 《新北南計畫：溪引人》獲 2022 年台南「攝影上桌PHOTO GO 獎」。創作曾獲2024國藝會與台北市文化局「展覽」與「出版」補助。
​
hiponoz @hiponoz
​
台灣的線上獨立攝影書店，販售和推廣經典的，不朽的，載入攝影史冊的，攝影書籍。努力透過說書，展書，在線下與大家交流。
​
________________________________
​
《異常處理中》攝影書展
​
策展人｜ 蘇厚文、hiponoz
​
展覽協力｜Emily Hsieh
視覺設計｜周芳伃 @louise_fun0924
場地協力｜鬧咖啡 NOW coffee @nowcoffee.tw
主辦單位｜鬧工作室 NOW studio @nowstudio.tw
​
________________________________
​
相關活動
​
《攝影說書互動小劇場》
09.27 14:00-15:30
​
座談 × 共讀《當代攝影書裡的「咯咯咯」》
09.27 16:00-18:00
​
________________________________
​
鬧工作室
火石仔hué-tsiỏh-á 計劃 —— 2F書架
​
​
火石仔取燧石異質混成、撞擊生火之意，將空間視為媒介，策劃一系列具備實驗性與碰撞感的內容，開啟藝術與都市、記憶與當代之間的多重對話，讓場域不再只是被動的容器。
​
計劃執行地點鄰近曾為臺北著名書店街、也是文學與思想匯流之處的重慶南路。雖榮景不再，卻保有同樣迷人風景。鬧工作室透過火石仔計劃理念，結合場域既有的書架，將街區昔日文化意義，轉化成富有特色的當代藝術平台。"
https://artemperor.tw/tidbits/18873,台灣，台北市,鬧工作室【座談 × 共讀《當代攝影書裡的「咯咯咯」》】2F Shelf,https://d2onjhd726mt7c.cloudfront.net/images/datas/000/120/566/so9n566wv6ylr7i16vkvmggle4fbp8dw_800x420^.jpg,2025-09-27 ~ 2025-09-27,鬧空間 NOW space／延平南路58號3F,https://www.facebook.com/events/751096401173477,蘇厚文、hiponoz,"nowstudio.tw ’s 2F Shelf
​
座談 × 共讀《當代攝影書裡的「咯咯咯」》
​
-
​
09.27 16:00-18:00
鬧空間 NOW space
臺北市中正區延平南路58號3F
現場觀眾、hiponoz、蘇厚文共同參與
​
每人 $400，憑學生證 $250（一證限一位）
如需報名請填寫Google表單並完成匯款
https://forms.gle/MBcwYkGJnAnRHkCq9
​
________________________________
​
在這場名為《當代攝影書裡的「咯咯咯」》的座談，靈感來自於日本漫畫大師水木茂的《鬼太郎》主題曲中，帶有詭異「咯咯咯」的笑聲，這個看似無意義的聲音，卻塑造出一種神秘般的聽覺符號，也如同我們在閱讀攝影書時，感受到幽微的不確定性與荒謬。
本次座談將以書展中充滿幽默、怪誕與不安的攝影書為起點，邀請大家一起聊聊，開啟一場視覺與聽覺的閱讀分享。我們不會解析攝影書中創作者想傳達的意圖，而是想聽讀者「感應」到的經驗。
? 歡迎你現場翻閱攝影書，並與我們分享你看到的、想到的、無法言說的……
? 同場加映：若你的分享觸動了他人，甚至讓他們忍不住「逃離」這個鬧空間，你將有機會獲得一份神秘小禮。
​
-
​
蘇厚文 @hou_wen_su
​
攝影藝術家，從事攝影接案與創作，擅長透過攝影書及影像裝置敘事作品，並將長年關注的溪流文化與生活的探索，近年創作關注台灣主體性的記憶及伴侶關係。作品《白日屯雷》獲選2025年桃源美展攝影類；作品《流動的邊界》獲得日本攝影出版社「赤々舎」青睞，並於2024年發行出版攝影書；作品 《新北南計畫：溪引人》獲 2022 年台南「攝影上桌PHOTO GO 獎」。創作曾獲2024國藝會與台北市文化局「展覽」與「出版」補助。
​
hiponoz @hiponoz
​
台灣的線上獨立攝影書店，販售和推廣經典的，不朽的，載入攝影史冊的，攝影書籍。努力透過說書，展書，在線下與大家交流。
​
________________________________
​
《異常處理中》攝影書展
​
策展人｜ 蘇厚文、hiponoz
​
展覽協力｜Emily Hsieh @emilybleu
視覺設計｜周芳伃 @louise_fun0924
場地協力｜鬧咖啡 NOW coffee @nowcoffee.tw
主辦單位｜鬧工作室 NOW studio @nowstudio.tw
​
________________________________
​
相關活動
​
《攝影說書互動小劇場》
09.27 14:00-15:30
​
座談 × 共讀《當代攝影書裡的「咯咯咯」》
09.27 16:00-18:00
​
________________________________
​
鬧工作室
火石仔hué-tsiỏh-á 計劃 —— 2F書架
​
​
火石仔取燧石異質混成、撞擊生火之意，將空間視為媒介，策劃一系列具備實驗性與碰撞感的內容，開啟藝術與都市、記憶與當代之間的多重對話，讓場域不再只是被動的容器。
​
計劃執行地點鄰近曾為臺北著名書店街、也是文學與思想匯流之處的重慶南路。雖榮景不再，卻保有同樣迷人風景。鬧工作室透過火石仔計劃理念，結合場域既有的書架，將街區昔日文化意義，轉化成富有特色的當代藝術平台。"
https://artemperor.tw/tidbits/18858,台灣，台北市,墨閣咖啡藝文空間【墨想 the Path of Meditation】匋東 水墨個展,https://d2onjhd726mt7c.cloudfront.net/images/datas/000/120/501/puyp118sp2kpagfi0cdtsrdjz7f34zvc_800x420^.jpg,2025-10-01 ~ 2025-10-10,墨閣咖啡藝文空間,https://www.facebook.com/events/751096401173477,陳金永,"匋然於東，一語道盡陳金永先生的性情。
在隨意自在的表面下，是他對美充滿熱情的執著嚮往，是對任何事物充滿好奇的初心，以及對生命更深理解後的敞然。匋東的天賦在求學階段已顯著，幼時師長的鼓勵讓他於師專階段便開始鑽研書法篆刻。在05年遇見恩師陶晴山老師後，更開啟他在書畫世界的另一篇章。
匋東憶到，陶晴山老師特別講究畫中的思維內涵，文人畫派的本質來自於廣學：豐富的學問和遊歷能訓練自己對美的感知力，而畫中的氣質與底蘊也都會在筆墨之間展露無遺。尤其筆墨的功力，更是水墨畫不可少的骨架，能帶來豐富的筆氣及生命力。
於是在水墨的繪畫中，匋東帶著墨書的功底和渴望新知的眼光，且行且看且思想，用他自己的步調述說出內心的每一個感動與一盞盞亮光。
書畫對於匋東來說不只是創作抒發，更是一次次在安靜中與內在靈魂的對話：墨想。
如同恩師所授，他相信「畫由心轉」，在書畫世界中雖然不時孤獨卻能享受自由，思緒透過一筆一墨變成心靈的泉源與良藥，能帶來安慰與力量。習畫至今剛好滿20個年頭，這次的個展《墨想》是對過去繪畫之路的一個回顧，記錄這些年一路上的念想：有靈性上的通透感悟，有對家鄉的情懷漫溢，還有從旅途記錄下的一些美好一些光芒。匋東的畫展現他性格中的暢然與細緻，從遠觀的佈局到細節的刻畫，每一幅畫似乎都有一個故事、一條尋找答案的路徑。從匋東的作品氣質中不難發現，在中國書畫的運筆之下，另藏有西方理論主義式的創作思維；「中體西用」的手法帶來更多的想像空間與獨特性。本次展覽中也可以看到其持續創作下的許許多多珍藏的篆刻與書筆。
「我畫的是當下的我」，匋東如此說。
他希望每個觀者能在他的畫作中察覺到當下的自我，隨著他的故事感受些許溫度，觸發心靈的共鳴，找到屬於自己的寧靜與力量⋯
最後讓我們隨著匋東的筆墨，在靜默的想像中，起行。
撰文/ Chiao H.
展覽資訊：
❍ 墨想 the Path of Meditation _ 匋東水墨個展
展覽期間｜ 2025.10.01 – 2025.10.10
開幕茶會｜ 2025.10.04 (六) 2:00 p.m.
展出地點｜ Mog Cafe 墨閣咖啡藝文空間
台北市士林區福國路31號 （捷運芝山站1號出口步行3分鐘）
開放時間｜9AM-6PM 連假開放參觀
藝術家：陳金永（Paul）/匋東
曾任教師與教練，自2017年自教職退休後更專注於書畫創作
創作名「匋東」寓意「自在、放下」，亦是對恩師的感念
自小受到師長啟蒙鼓勵，進入師專便開始學習書法篆刻
2005受教於陶晴山老師開始學習繪畫
回顧繪畫之路是一次次偶然卻必然的邂逅
這也成為日後靈修與生命對話的重要出口
如今是一位無法停下創作的書畫創作者"
https://artemperor.tw/tidbits/18876,台灣，新北市,新北市美術館【拇指世代點擊以開啟】館校計畫,https://d2onjhd726mt7c.cloudfront.net/images/datas/000/120/572/odxwm21cw6sjllqsag6anu5k0xe1vfuw_800x420^.jpg,2025-10-04 ~ 2026-03-15,新北市美術館 探索基地 L2,https://ntcart.museum/exhibition/H2509001,胡鈞荃、馮志銘、蔡宜豫、PUZZLEMAN、三缺一劇團 賀湘儀、鄭先喻,"合作學校與藝術家
【復興國小】
教師：林岑怡、王燕昭、洪育慧
藝術家：胡鈞荃、馮志銘
【埔墘國小】
教師：林惠美、張福英
藝術家：蔡宜豫、PUZZLEMAN
【成福國小】
教師：謝基煌主任、陳彥樺
藝術家：三缺一劇團 賀湘儀、鄭先喻
「拇指世代」一詞的靈感源自法國哲學家 Michel Serres 的著作《拇指姑娘》（Petite Poucette）。他指出新世代透過手機和網路，以拇指操作並與世界互動，這不僅改變了日常，也重新形塑了知識與學習的方式。
新北市美術館館校計畫「拇指世代：點擊以開啟」從孩子最熟悉的數位使用習慣出發，思考科技如何影響我們的感受與學習方式。計畫由藝術家、學生、教師、美術館與策展團隊共同合作，透過討論與創作，讓當代藝術走進教室，也讓教室成為藝術發生的場域。
在這裡，「點擊」不只是手指碰觸螢幕的動作，更象徵孩子與家鄉歷史的連結。每一次點擊，都像是翻開一頁、展開一段對話，或觸發新的理解。
在這個過程中，孩子們逐漸培養三種能力：他們運用想像力，把生活與記憶重新組織成故事；藉由走入社區、觀察與訪談，建立對土地的情感與理解；並透過數位媒體與創作工具，學會把腦中的想法以多樣方式呈現。
教學歷程從藝術家與教師的共備討論開始，接著由藝術家把新的媒材與方法帶進課堂。孩子們在此基礎上展開創作，並在互相交流中修正和完善作品；之後再以策展的角度整理與詮釋，最後將成果帶入展覽，與觀眾分享。
這場展覽不只是靜態的作品呈現，而是將孩子的創作與情境空間交織成可被走入的故事場域。觀眾在其中不只是觀看者，更能與學生的想像、記憶和情感產生共鳴，成為共同的參與者，一起展開一場從指尖延伸、面向未來的敘事旅程。
拇指世代：點擊以開啟
Generation T: Tap to Play
｜策展人｜蔡家榛、李佳霖
｜參展藝術家｜胡鈞荃、馮志銘、蔡宜豫、PUZZLEMAN、三缺一劇團 賀湘儀、鄭先喻
｜合作學校｜復興國小、埔墘國小、成福國小
｜指導單位｜新北市政府
｜主辦單位｜新北市美術館"
https://artemperor.tw/tidbits/18829,台灣，新北市,新北市美術館【建築的恐懼與療癒】,https://d2onjhd726mt7c.cloudfront.net/images/datas/000/120/402/5yd7l3bw4t35yziksumfc7mba1wbe16f_800x420^.jpg,2025-10-04 ~ 2026-01-25,新北市美術館 – 6A、6B展覽室（新北市鶯歌區館前路 300 號）,https://ntcart.museum/,尹子潔、布恩森．普瑞姆塔達、吳增榮、吳耀東、松田和久、洪浩鈞、徐婷、符昌鋒、曾志偉、楓川秀雅、廖偉立、澎葉生、陳東華、陳家毅建築師事務所、賴伯威、顧世勇,"建築始於身心庇護的需求，我們一如地球的所有生物，藉建築對抗生命本質的危機，譬如天災、傳染病毒或他者的威脅。當恐懼與療癒交織時，讓我們見到混亂無序的真實顯現，以及對秩序安定的緬懷憧憬，二者皆是生命的本態。
不幸的是，現代建築與城市並沒有真正回應生命對於恐懼與療癒的思索，反而一步步落入巴塔耶所說「自我的膨脹、最終的空虛、對他者的蔑視、大聲的喊叫、對過往不幸輝煌的凝視」的時代沈淪裡，這正是展覽想要省視的位置點。
展覽因此分成四個主題：儀式、建築的法則、召喚、里山，邀請16組建築師/藝術家，透過聲音、影像、裝置和構築的創作，呈現建築與生命的複雜關係，也詮釋空間本與哲學、神話、環境和人，從來就緊密相連的廣義本質。
一如文化地理學家段義孚在《恐懼景觀》所說：「人們不單建造房子、發明農耕以應對自然的威脅，還創作童話、傳奇，建構宇宙想像、哲學體系，將之作為心理的庇護所，用以逃避思維的混沌、對自然的恐懼。」
建築因此是宇宙混沌的顯現，是人類心智的庇護所，是生命棲息的所在，恆長存在恆常變動。而且，雖然恐懼吞噬心靈，療癒還是時時庇護，建築始於自身的恐懼與療癒，畢竟也要對他者的恐懼與療癒付出關懷。
建築的恐懼與療癒
The Architecture of Fear and Cure
｜策展人｜阮慶岳
｜參展藝術家｜尹子潔、布恩森．普瑞姆塔達、吳增榮、吳耀東、松田和久、洪浩鈞、徐婷、符昌鋒、曾志偉、楓川秀雅、廖偉立、澎葉生、陳東華、陳家毅建築師事務所、賴伯威、顧世勇
｜指導單位｜文化部、新北市政府
｜主辦單位｜新北市美術館"
https://artemperor.tw/tidbits/18871,台灣，台北市,鬧工作室【渡海泳・港台聯展】Cross Harbour Race・Hong Kong x Taiwan Joint Exhibition,https://d2onjhd726mt7c.cloudfront.net/images/datas/000/120/564/je1nrozachsigp1z5ymqg3c3xrm4ejir_800x420^.jpg,2025-10-04 ~ 2025-10-07,鬧空間 NOW space／延平南路58號3F,https://www.facebook.com/events/1186679503298221/,茜利妹 Missy Hyper、王棠 Wong Tong、王利民 Quincy Wong、陳驚 Kenn Chan、朱璣宜 Chu Ji-er Lilium、謝斐 Tse Fei、vawongsir、Steven River,"渡海泳・港台聯展
Cross Harbour Race・
Hong Kong x Taiwan Joint Exhibition
​
________________________________
​
渡海泳乃一項具香港特色的民間活動／盛事－身為香港人的，未必游過，但一定知道。渡海泳更可視為一種連接港澳兩地的「運動」（movement）。它體現了「Be Water, Hong Kong」的理念，並隱喻著「自由式」的精神。
在更深層的意義上，渡海泳象徵著上兩代香港人從內地「游水落嚟」（偷渡）的歷程 －最初追求自由，繼而向民主的理想邁進，展現了深厚的香港精神。
聯展邀請了八位香港藝術家，以多樣的藝術形式展開對話，聚焦當前香港藝術在本土與海外的發表空間，旨在探索如何在日益增多的潛在界限中，尋求更多的發表渠道。
CROSS HARBOUR RACE is a unique folk activity and event in Hong Kong - being Hong Kongers, you may not have participated, but you definitely know about it. It can also be interpreted as a ‘movement’ connecting Hong Kong and Taiwan. It also embodies the concept of ‘Be Water Hong Kong’ and serves as a metaphor for ‘freedom.’ This can be further interpreted as representing the spirit of Hong Kong, where the previous generations of Hong Kongers ‘swam across’ (smuggling) from the mainland - first in pursuit of freedom, and subsequently in the quest for democracy.
The exhibition features eight Hong Kong artists to engage in dialogue through diverse artistic forms, focusing on the current presentation spaces of Hong Kong art both locally and internationally. The exhibition aims to explore how to seek more avenues for expression amid the increasingly numerous potential boundaries.
-
✦ 參展藝術家 Participating Artists
茜利妹 Missy Hyper
王棠 Wong Tong
王利民 Quincy Wong
陳驚 Kenn Chan
朱璣宜 Chu Ji-er, Lilium
謝斐 Tse Fei
vawongsir
Steven River
✦ 策展人 Curator
茜利妹 Missy Hyper
-
@cross_harbour_race
www.facebook.com/crossharbourrace
———
10.04 - 10.07 ,2025
✦ 時間 Opening Times
Mon. to Sat. 12:00-21:30 Sun. 12:00-19:00
✦ 藝術家座談會＋導覽 Artists’ Sharing + Tour
10.4 (Sat.) 14:30 - 17:30
✦ 地址 Address
鬧空間 NOW space @nowspace.tw
臺北市中正區延平南路58號3F
3F, No.58, Yangping S.Rd., Zhongzheng District, Taipei City. Taiwan"
https://artemperor.tw/tidbits/18855,台灣，台北市,孟焦畫坊【花好月圓 葉志錦石雕展】葉志錦石雕展,https://d2onjhd726mt7c.cloudfront.net/images/datas/000/120/494/04xs8cvd5n2p8l7i0szvdwxj2erf1j7f_800x420^.jpg,2025-10-17 ~ 2025-10-30,雨農路17-2號1樓,https://web.hocom.tw/h/?key=399852860856,葉志錦,"花好月圓 葉志錦石雕展
展期: 2025.10.17-30
茶會: 2025.10.18  15:00
起初
輕輕的    一個願
落在有光深處中
細細的    一條路
靜靜的    緩緩的
往孤寂微光前去
暖暖的    一初心
是起初的那道光
讓種子向光萌芽
(撰文: 葉志錦)"
https://artemperor.tw/tidbits/18820,台灣，高雄市,高雄市現代畫學會【她們的視界】女性藝術家的視角與表現,https://d2onjhd726mt7c.cloudfront.net/images/datas/000/120/357/20m6kad07t7zh36kxmer5pdxwvhacc89_800x420^.jpg,2025-10-17 ~ 2025-10-28,高雄市苓雅區五福路一路67號（高雄市文化中心至真堂二館）,https://www.facebook.com/maak1987/?locale=es_ES,王富娘、何佳真、李文淑、李素貞、林麗華、吳垂娟、姜春蓮、施惠敏、夏千涵、莊彩琴、連宏珠、高惠如、陳艷皇、陳艷淑、陳美華、陳靜智、張裴舫、黃孜穎、雷紫玲、廖慰涵、鄭雅芬、蔡佳玲、蔡思佳、劉敏娟、鍾黎情、鍾佳臻、蘇鄉真,"「她們的視界：女性藝術家的視角與表現」是一個以女性藝術家為核心的展覽，旨在深入探討她們如何透過創作來表達個人經驗、社會洞察與文化批判。在歷史長河中，女性藝術家的聲音長期處於邊緣地帶，往往因性別的刻板印象和社會結構的壓制而被忽略或誤解。此展覽試圖打破這種歷史沉默，強調女性藝術家們在創作中所展現的獨特視角，並引導觀眾重新審視這些作品的意義及其在藝術史中的重要地位。
展覽以三個子題區域進行策劃：「自我探索」、「女性力量」與「情感與關係」，每個區域都著重在深入呈現女性藝術家如何透過不同的創作手法和媒材，表達對自我、社會及人際關係的深刻思考。"
