sno,count,RMSE,MAE,R2
500101022,8946,1.404811531,0.163984013,0.995391633
500101181,8918,1.227633355,0.144438167,0.998019234
500119049,8805,1.040023569,0.115228336,0.985502954
500103009,8900,0.982167747,0.130131648,0.996923383
500101025,8794,0.871835557,0.091459385,0.998083292
500112007,8853,0.866849762,0.101357374,0.997313314
500104031,8802,0.82957095,0.103563527,0.995247133
500112082,8803,0.827020427,0.092942668,0.99550643
500119090,8800,0.821002878,0.100287762,0.995511576
500119068,8734,0.781845203,0.07747684,0.987308538
500119097,8694,0.727478188,0.074875431,0.998469224
500105001,8786,0.7209328,0.075490876,0.989493623
500101101,8852,0.699063481,0.080498055,0.997018346
500113068,8757,0.69720576,0.066528459,0.998345262
500107024,8870,0.695009883,0.095034536,0.995984554
500110005,8754,0.683566807,0.066291543,0.997162644
500106014,8772,0.676880204,0.074868716,0.99818525
500119075,8877,0.676413127,0.092431479,0.994360443
500109075,8819,0.674658329,0.088407737,0.994940522
500104108,8903,0.667354607,0.094199539,0.998182185
500112029,8707,0.661299362,0.056587439,0.995803038
500107023,8806,0.656194964,0.076247744,0.997510493
500101144,8799,0.64277835,0.073838512,0.997262257
500112081,8840,0.641344188,0.081313895,0.998524504
500101032,8858,0.639150453,0.067254008,0.997989713
500103044,8815,0.636095421,0.082078919,0.996255916
500119058,8755,0.634528423,0.0637232,0.992137262
500112049,8848,0.633299953,0.080261007,0.998271333
500119077,8666,0.619378532,0.060871606,0.995357792
500104004,8775,0.616885942,0.068537455,0.997414504
500113038,8777,0.606360413,0.05778167,0.99833404
500119050,8858,0.60229516,0.078270598,0.992066173
500101099,8783,0.586908578,0.061307369,0.998008911
500104107,8800,0.586665053,0.059911742,0.996629241
500101113,8835,0.581910475,0.079129259,0.998425824
500107050,8735,0.578384939,0.048615398,0.99831851
500107063,8828,0.577852989,0.076210782,0.994184789
500112051,8761,0.574638644,0.058850017,0.997219564
500110014,8746,0.568269067,0.058184913,0.998306311
500112066,8663,0.56766005,0.033980316,0.997815962
500101150,8831,0.566635908,0.065317008,0.996336141
500101109,8834,0.566309235,0.076562378,0.996615031
500112076,8868,0.566237869,0.069227375,0.99826632
500110048,8771,0.564307142,0.061395964,0.994126868
500112085,8804,0.561478384,0.069545518,0.998710904
500119086,8750,0.561194631,0.062091325,0.991893168
500104010,8717,0.558028126,0.053167393,0.993561885
500106065,8752,0.557303657,0.06139949,0.99788007
500108070,8752,0.554593574,0.042052731,0.997233249
500112032,8736,0.55318442,0.051623207,0.993351044
500110062,8765,0.545656866,0.061376867,0.996960614
500112046,8734,0.545136215,0.060176246,0.996549913
500112033,8673,0.540669071,0.04048662,0.996453076
500109032,8764,0.53975292,0.054185304,0.999127917
500106112,8787,0.539231582,0.06354133,0.996261032
500112070,8868,0.535922712,0.078616373,0.993187103
500106062,8815,0.525442024,0.067330006,0.996798051
500101107,8839,0.524281436,0.062953351,0.996631701
500103030,8775,0.520593013,0.066844743,0.995688376
500107028,8776,0.51760277,0.058979568,0.999114751
500112010,8850,0.517013827,0.068276271,0.997490905
500106055,8691,0.514672332,0.044435182,0.998359305
500111013,8779,0.513562383,0.055239093,0.998722427
500104035,8763,0.513260564,0.057399822,0.992501945
500101125,8812,0.511491317,0.062445253,0.996314164
500112026,8780,0.511452824,0.065522001,0.998110671
500108003,8626,0.508013406,0.033547028,0.993310845
500110024,8762,0.505748243,0.049506658,0.994619774
500107012,8807,0.50513842,0.059976172,0.99781823
500109081,8721,0.504390799,0.046288806,0.998087903
500106048,8745,0.500626355,0.049129671,0.998013725
500101166,8764,0.499356394,0.045345996,0.997449862
500101139,8766,0.499095028,0.051018046,0.996165253
500109025,8768,0.497961734,0.05968385,0.997004202
500119052,8805,0.497572839,0.060348287,0.991786199
500112025,8720,0.497169816,0.04911928,0.997575551
500110036,8749,0.496434883,0.050922168,0.994444895
500113040,8865,0.493892556,0.067982687,0.996752574
500119070,8785,0.493738944,0.05361872,0.998010402
500112012,8773,0.492823825,0.053408526,0.993571602
500119009,8796,0.492125121,0.045802229,0.995559864
500112017,8785,0.491192391,0.059499924,0.998461782
500119094,8740,0.490750697,0.050372807,0.989683917
500111070,8692,0.49019957,0.046042116,0.996192427
500101167,8840,0.489244744,0.065035652,0.997162575
500101123,8714,0.488369382,0.044436717,0.996327786
500111012,8663,0.487633047,0.041292143,0.992643366
500119071,8696,0.487541711,0.05165765,0.988431591
500108022,8704,0.486730973,0.044986098,0.997311801
500101174,8814,0.486229227,0.058978776,0.995725983
500112011,8799,0.485510801,0.059297856,0.998062904
500101179,8895,0.484249316,0.072157317,0.99616797
500101131,8728,0.483352848,0.04199267,0.997466066
500113022,8753,0.482475845,0.052524734,0.998354622
500119067,8829,0.481518252,0.060933482,0.995921803
500106070,8798,0.481274313,0.059141983,0.996937624
500106038,8722,0.476815497,0.037234956,0.996443705
500101110,8831,0.476339385,0.066051453,0.998722844
500119006,8766,0.474956505,0.051883736,0.999110507
500103034,8781,0.474888035,0.049644782,0.99578243
500101193,8674,0.474729376,0.038126313,0.998731566
500110023,8695,0.474523202,0.040781607,0.998024606
500112064,8762,0.473705776,0.048479802,0.998105543
500107029,8771,0.473395871,0.051839113,0.993441902
500119088,8794,0.473370358,0.051525567,0.995348749
500111038,8692,0.473096098,0.038288836,0.994393445
500106029,8760,0.471965715,0.052938813,0.997429336
500111019,8660,0.471935932,0.031373914,0.994907872
500111069,8700,0.471523432,0.042715383,0.9987402
500101206,8825,0.471050608,0.057651294,0.998045659
500112054,8763,0.47091568,0.050608827,0.998206192
500103011,8620,0.470668133,0.030507686,0.999485751
500109015,8665,0.467931672,0.028677765,0.99880712
500112040,8784,0.467544169,0.05832441,0.996197484
500104091,8753,0.467467736,0.047380917,0.997024871
500113045,8764,0.46724606,0.049918166,0.998204203
500109011,8722,0.467081613,0.047051192,0.998456156
500101191,8809,0.4656025,0.055446729,0.997260072
500107059,8785,0.465217287,0.055596111,0.99647985
500112038,8766,0.464999963,0.048221558,0.997245186
500104009,8720,0.46372119,0.042679928,0.998501982
500101170,8787,0.461340296,0.053371192,0.997288564
500113042,8759,0.46058579,0.050815694,0.998284787
500106132,8696,0.459869933,0.041423547,0.99886217
500112043,8773,0.458417619,0.055991964,0.998694514
500101217,8831,0.458260026,0.048006775,0.996653271
500112065,8727,0.458258285,0.040252644,0.998829039
500106068,8633,0.457996802,0.026463427,0.995916792
500108082,8775,0.457496599,0.051351836,0.996749255
500101116,8790,0.456941096,0.05644617,0.998402548
500101240,8676,0.456277442,0.029158099,0.997993783
500107022,8695,0.455127219,0.036181963,0.995093416
500119055,8760,0.453222266,0.051323599,0.99503946
500112030,8712,0.449486977,0.039160663,0.99771775
500111065,8705,0.448784565,0.037000392,0.992772607
500106006,8801,0.44788083,0.049935746,0.99893213
500110065,8776,0.447845432,0.052035153,0.999236851
500110044,8806,0.447143696,0.056734991,0.998615838
500104023,8707,0.446135276,0.037135589,0.997315873
500119045,8747,0.445572171,0.050420446,0.998157923
500112071,8767,0.445075911,0.052651487,0.997738839
500106059,8727,0.444935802,0.04807155,0.9974684
500110032,8740,0.444350509,0.043529065,0.995090423
500101156,8782,0.443404403,0.050187093,0.99841205
500106057,8661,0.441622807,0.034015263,0.999071577
500106077,8795,0.440194847,0.053111275,0.996193518
500119054,8708,0.439908496,0.036939547,0.991055023
500101169,8848,0.438072934,0.062712612,0.998592495
500101024,8731,0.437978413,0.044608178,0.995588318
500107118,8746,0.43502652,0.047125657,0.996579039
500103028,8814,0.434240355,0.055183358,0.99933248
500113035,8726,0.433705993,0.045791695,0.997826624
500101035,8711,0.433488234,0.035568023,0.994708001
500104003,8699,0.433068453,0.042753612,0.99804086
500106054,8652,0.432760523,0.030969448,0.99682783
500101141,8807,0.431921356,0.042467058,0.996240263
500111119,8637,0.431375269,0.033546042,0.997949633
500101027,8899,0.431181942,0.067063057,0.998684634
500110064,8785,0.430704636,0.04712021,0.993892474
500101137,8788,0.430513217,0.054717605,0.998791326
500110061,8802,0.430428074,0.048334166,0.995112013
500103027,8775,0.429336214,0.050614663,0.997866962
500103020,8661,0.429105829,0.030796617,0.998255303
500107013,8821,0.428938394,0.052596455,0.997696438
500113039,8805,0.428869937,0.056373424,0.996186617
500104055,8680,0.428747185,0.034852559,0.997931684
500112035,8770,0.428172414,0.044830597,0.997105394
500112105,8769,0.426805965,0.047899169,0.995860564
500119087,8731,0.424911402,0.044414767,0.995946684
500104046,8822,0.424361343,0.05443359,0.998188234
500110060,8706,0.42377822,0.035436921,0.99664198
500109046,8645,0.423479565,0.03269732,0.996235944
500104014,8710,0.420798482,0.038856219,0.999228323
500119076,8769,0.420716935,0.04753653,0.987216828
500101115,8768,0.41924147,0.05433358,0.999078008
500119066,8737,0.418551898,0.046931942,0.993057971
500107005,8652,0.416735767,0.029351378,0.998506721
500109008,8627,0.416494289,0.023635563,0.997190233
500108026,8663,0.414966245,0.032587508,0.997332051
500108084,8711,0.414912778,0.04187176,0.994728759
500106010,8685,0.414433739,0.038053107,0.998876319
500106051,8695,0.41437383,0.032416312,0.995654686
500119095,8711,0.413447504,0.042722152,0.994221944
500106056,8690,0.412254477,0.042631089,0.998128893
500111060,8686,0.411873294,0.034124223,0.998075691
500104072,8700,0.410397027,0.039973355,0.99785365
500109053,8749,0.410100287,0.042852448,0.998576539
500110013,8749,0.408387196,0.044876448,0.997126027
500110017,8773,0.408381265,0.048026977,0.997705807
500119059,8666,0.40820331,0.038252165,0.991121106
500101212,8749,0.408199983,0.039640302,0.995389982
500112018,8752,0.407813653,0.046573793,0.99783028
500110039,8759,0.406659565,0.047924364,0.998828911
500101100,8674,0.40572656,0.031918896,0.997951537
500119053,8760,0.404838133,0.043985674,0.994787223
500106042,8676,0.40461483,0.03164519,0.997523347
500109034,8757,0.404575007,0.048452305,0.99927705
500110037,8790,0.404490386,0.043113481,0.99353108
500119061,8730,0.404310946,0.038682131,0.996453921
500101168,8776,0.403407968,0.050972731,0.998830887
500119005,8746,0.402927567,0.042144559,0.998163678
500112068,8713,0.402737634,0.040829163,0.996856707
500119048,8743,0.402697749,0.041221235,0.994543427
500112057,8656,0.402251227,0.036337649,0.994942658
500112099,8788,0.401751893,0.052490553,0.996486219
500101173,8737,0.40134696,0.044489661,0.996266962
500119096,8652,0.401343511,0.038904569,0.999292406
500104038,8668,0.401042516,0.033543186,0.998809196
500112067,8733,0.400503177,0.043393282,0.997187231
500112060,8732,0.40042708,0.042436874,0.996685971
500101209,8644,0.399989886,0.031906621,0.996281932
500106121,8748,0.399943417,0.048295163,0.999117356
500119083,8713,0.399872398,0.040108759,0.986423021
500107008,8795,0.398321898,0.046535486,0.998521454
500113034,8748,0.398126573,0.046088668,0.998404057
500101233,8698,0.397596565,0.03134264,0.993229162
500110007,8867,0.397280335,0.060010564,0.998510283
500110033,8722,0.396757941,0.042543448,0.996774711
500107010,8747,0.396594535,0.041533726,0.998618978
500110038,8708,0.395940103,0.035101765,0.994410743
500101159,8698,0.395123482,0.034321648,0.996295546
500105007,8723,0.394358915,0.044082671,0.998749955
500106084,8730,0.394255075,0.039139423,0.996885707
500108011,8671,0.391602497,0.029517337,0.997920835
500110046,8747,0.391162569,0.043484729,0.9985563
500113019,8695,0.391067611,0.036816791,0.99146692
500112039,8719,0.390741512,0.036125454,0.998045478
500106135,8818,0.388083403,0.05029945,0.991099269
500107036,8849,0.387957855,0.055348503,0.998735908
500112100,8648,0.387687152,0.028398223,0.995640676
500103037,8758,0.387213542,0.045202704,0.996984077
500112058,8832,0.386301141,0.047070201,0.996017931
500101006,8722,0.38619417,0.036310881,0.996129469
500108098,8696,0.385112662,0.029355845,0.996214401
500106067,8720,0.385086577,0.0446431,0.999204907
500109023,8643,0.384658062,0.025366407,0.996415647
500112015,8737,0.383607305,0.04069921,0.998485024
500107021,8745,0.383354132,0.043428286,0.998398342
500107060,8690,0.38280531,0.028684887,0.995628565
500112022,8764,0.38133093,0.041039933,0.999383221
500108028,8771,0.381240522,0.042698248,0.998455221
500111020,8652,0.380594516,0.032144395,0.99804846
500101001,8968,0.380464102,0.060667261,0.995720702
500106092,8742,0.378782582,0.041003146,0.998219002
500108044,8667,0.378046143,0.030071536,0.999628001
500112056,8761,0.375267287,0.040661778,0.992337697
500106025,8686,0.375029678,0.038218896,0.998959997
500108007,8735,0.374888641,0.03868959,0.996731002
500103024,8747,0.374726243,0.043428992,0.998256819
500103031,8658,0.374466985,0.024238917,0.996842677
500104077,8630,0.372943837,0.027038123,0.996616153
500103035,8749,0.372896019,0.040090059,0.997589998
500101192,8760,0.372796666,0.044035304,0.997932976
500101133,8756,0.3727044,0.044370606,0.998581266
500109045,8654,0.372664473,0.025331908,0.99846545
500101095,8678,0.372632309,0.027315184,0.998389001
500110019,8786,0.371182239,0.047759618,0.998411235
500108033,8674,0.370507744,0.031836682,0.998414405
500101221,8775,0.368493414,0.046182745,0.996864197
500106105,8765,0.368150844,0.038987344,0.994548263
500101155,8857,0.36789413,0.049587657,0.992549578
500103040,8688,0.367355745,0.033218572,0.997848505
500104021,8657,0.367288175,0.031840784,0.997491624
500110021,8695,0.367169749,0.036458769,0.998044772
500119074,8706,0.36698733,0.035124234,0.991143613
500103004,8713,0.366379338,0.040170091,0.998481525
500105010,8641,0.36561462,0.02612708,0.997855769
500105018,8676,0.365291152,0.032087925,0.999369628
500101038,8740,0.365258955,0.036186966,0.988505217
500113065,8666,0.365188884,0.028051119,0.998208887
500107078,8764,0.364945109,0.040300205,0.996044098
500107151,8699,0.364736472,0.033432736,0.997217825
500106118,8830,0.364535094,0.044458456,0.985504386
500101114,8769,0.363227401,0.047485897,0.99855713
500109027,8744,0.362616586,0.04274655,0.999455681
500119051,8747,0.36216586,0.035714868,0.998184556
500101127,8743,0.361135541,0.041126921,0.998808616
500109064,8718,0.360884709,0.033678883,0.997931312
500106091,8696,0.360875832,0.031505613,0.993232643
500113043,8677,0.360691179,0.028440052,0.998950537
500112024,8714,0.359992012,0.034691525,0.9987101
500112104,8765,0.359896402,0.043359139,0.996436838
500107017,8725,0.359256751,0.038859763,0.99711215
500109031,8708,0.358155154,0.03445573,0.99829264
500112009,8694,0.358103774,0.035578292,0.999356069
500107144,8801,0.357642717,0.04693326,0.998602887
500101189,8700,0.357464205,0.030570651,0.998366395
500112119,8695,0.357426139,0.03413483,0.998631471
500113066,8647,0.357366257,0.029277524,0.998271988
500101190,8798,0.357290528,0.043902794,0.99627267
500108027,8704,0.356637265,0.034636582,0.997432022
500106071,8697,0.356633882,0.035790234,0.995692125
500104085,8729,0.355196586,0.030975975,0.997522751
500111003,8749,0.355041482,0.038751419,0.998937383
500101171,8791,0.354718674,0.043955848,0.997258985
500119089,8714,0.354503745,0.036052958,0.988989205
500119044,8724,0.35383667,0.03239197,0.99576002
500109043,8683,0.353733711,0.030984844,0.995294827
500113078,8699,0.352932148,0.027020424,0.996375063
500106013,8732,0.352786764,0.031516644,0.992638192
500110002,8816,0.351653529,0.044649604,0.996853076
500112075,8772,0.351417111,0.041023047,0.995498054
500106009,8681,0.351022032,0.027791211,0.998942811
500101108,8785,0.349711229,0.043043986,0.993573934
500107140,8796,0.348732407,0.042090029,0.996485332
500112125,8623,0.348680499,0.02480436,0.991568853
500107038,8818,0.347453371,0.044615413,0.99549956
500101023,8751,0.346552049,0.037656973,0.996242505
500108025,8713,0.346535355,0.032071942,0.998352481
500101010,8781,0.346190164,0.038764833,0.991809986
500111031,8665,0.345800065,0.025120672,0.99628791
500101210,8707,0.345580159,0.032906009,0.99902618
500110052,8773,0.345292246,0.039378567,0.993102001
500113012,8706,0.344455908,0.033615974,0.996521519
500101128,8723,0.344299641,0.036821869,0.997624007
500112061,8759,0.343889162,0.038778414,0.996200695
500107092,8738,0.343240382,0.029918956,0.996787816
500107014,8734,0.343183959,0.039072639,0.993102374
500103047,8720,0.342942319,0.031778743,0.998759
500106022,8722,0.34280768,0.036029943,0.99831041
500104007,8736,0.342791445,0.03629452,0.997715953
500101002,8794,0.342687266,0.041996059,0.99288406
500119093,8634,0.342597762,0.031041503,0.998728404
500108020,8744,0.342372376,0.033339147,0.995595493
500104043,8646,0.341984973,0.027450266,0.99810808
500103053,8834,0.341163292,0.04792876,0.995305411
500101161,8770,0.34102663,0.040480369,0.993788389
500110020,8731,0.340884816,0.037195606,0.995039528
500103045,8716,0.340536576,0.032231184,0.997317573
500101094,8709,0.339986072,0.031890428,0.996154366
500110018,8718,0.339545384,0.029410606,0.997642705
500107132,8710,0.339192053,0.034435006,0.997725824
500106066,8769,0.338980771,0.038703824,0.998550269
500107114,8772,0.338615815,0.042925966,0.997070134
500110089,8688,0.337332605,0.030554446,0.995865584
500112001,8705,0.33723136,0.032537641,0.995744859
500103010,8652,0.337211992,0.026449222,0.998372877
500101030,8683,0.336984815,0.032977989,0.997373107
500105070,8768,0.33667705,0.039094354,0.998927679
500101163,8754,0.336554406,0.038579542,0.993952383
500101241,8782,0.336358594,0.036991492,0.990735735
500107048,8657,0.336302516,0.027561415,0.997797383
500110040,8731,0.335170629,0.038386687,0.998106778
500110084,8648,0.33482172,0.027686247,0.997137044
500106050,8709,0.334803039,0.033633499,0.998977193
500112092,8636,0.334131941,0.019656187,0.996953179
500101105,8728,0.334007352,0.036993769,0.996199521
500112080,8670,0.333332649,0.0280075,0.995923068
500110066,8679,0.333238488,0.032097707,0.997899549
500112072,8689,0.333195488,0.03155248,0.998845092
500106126,8736,0.332737134,0.034850564,0.997626906
500119047,8683,0.332203352,0.031760904,0.992840481
500112016,8715,0.331668115,0.035222911,0.998545714
500110091,8713,0.33098547,0.033461647,0.998751289
500111037,8644,0.330871039,0.027634941,0.996998459
500111011,8646,0.330843717,0.028028857,0.997944339
500119069,8653,0.330461397,0.025943257,0.992599608
500106052,8683,0.330182034,0.028628623,0.998663046
500112093,8847,0.329996709,0.04434771,0.992332849
500111023,8675,0.329901097,0.033167435,0.998665271
500111033,8658,0.329538843,0.022232078,0.997333823
500111034,8620,0.329146613,0.019627417,0.996344504
500113023,8639,0.328633207,0.01985012,0.997610822
500101251,8793,0.328121305,0.041106703,0.997055494
500113050,8751,0.328020903,0.03712968,0.996050581
500101134,8921,0.327677191,0.043848607,0.991406638
500107015,8641,0.327078136,0.019677024,0.996217226
500113049,8766,0.32704677,0.040743783,0.997591996
500107062,8704,0.326720695,0.031047909,0.998469655
500110049,8771,0.326706709,0.039071412,0.993639077
500112052,8781,0.32589432,0.042261787,0.997159366
500109058,8668,0.32563595,0.026919589,0.99424651
500107076,8707,0.325548877,0.034611183,0.99839773
500109003,8701,0.325031402,0.030683638,0.997876054
500106116,8700,0.324910215,0.03081387,0.994720878
500106075,8764,0.3243859,0.037705062,0.996954756
500105016,8713,0.323862887,0.031466943,0.998588971
500103038,8665,0.323809704,0.029252202,0.995003604
500103043,8758,0.323772746,0.038651684,0.996460381
500107027,8695,0.323615544,0.033237723,0.998984124
500110015,8706,0.323425181,0.030272973,0.990905901
500101162,8646,0.32187417,0.022221933,0.996616715
500103008,8689,0.32176018,0.029200119,0.999050307
500107025,8739,0.31986864,0.034234237,0.993008694
500112103,8722,0.319447267,0.034458343,0.997975436
500108093,8640,0.319059166,0.026886188,0.996272997
500113064,8749,0.319029897,0.036267554,0.998197111
500110054,8704,0.318298137,0.028934992,0.995680812
500111035,8744,0.318009921,0.036440787,0.998876814
500119046,8704,0.317821907,0.034130657,0.996749081
500105023,8698,0.317750242,0.030817539,0.999389386
500112083,8745,0.317519522,0.034485562,0.992313417
500101019,8741,0.317058425,0.036653358,0.997369672
500105028,8655,0.316969923,0.024140805,0.998002725
500101201,8800,0.316642599,0.041751851,0.996714253
500106136,8677,0.316627716,0.027387571,0.993450134
500104041,8717,0.315521804,0.037562005,0.997860427
500107155,8623,0.3143985,0.025269396,0.99596442
500101207,8733,0.314144362,0.035028646,0.998736317
500104104,8705,0.314065975,0.024539173,0.993911137
500112069,8743,0.313532565,0.035259255,0.997529047
500101229,8769,0.31330797,0.040156979,0.996746119
500104008,8668,0.313289513,0.030741271,0.998940791
500109019,8660,0.312904767,0.026814995,0.999160688
500110057,8779,0.312790567,0.036779645,0.994485678
500112110,8785,0.312030867,0.038316126,0.995920224
500106053,8690,0.312021903,0.032152839,0.996929941
500104075,8683,0.312012636,0.029530769,0.997806931
500112048,8772,0.311450201,0.039990677,0.992389988
500112019,8804,0.311001198,0.0397546,0.995733019
500112109,8682,0.310757615,0.031276231,0.99660634
500112023,8697,0.310585215,0.028352897,0.998480884
500110008,8729,0.310521763,0.034146905,0.997324595
500112045,8736,0.31031528,0.036758457,0.999650898
500103001,8627,0.31024914,0.022850025,0.997774056
500106049,8690,0.310218864,0.024136133,0.994757258
500103051,8757,0.309479173,0.037694968,0.997014735
500104073,8718,0.309058063,0.031572139,0.99795249
500112107,8648,0.30816703,0.025496336,0.997281534
500106106,8738,0.307900433,0.032932781,0.997695516
500101232,8811,0.307282473,0.040284342,0.994233142
500101226,8683,0.307209503,0.028397951,0.998719844
500112115,8714,0.307039288,0.033465247,0.997600108
500108057,8686,0.306885373,0.028538211,0.998860829
500112014,8749,0.305812613,0.033712653,0.99817438
500101172,8802,0.305618524,0.03974199,0.998802478
500111005,8691,0.30439657,0.031975032,0.998251056
500103048,8751,0.30376239,0.03757662,0.998291613
500107136,8701,0.303532512,0.026421178,0.996734368
500106005,8802,0.303393444,0.041278175,0.997354073
500105069,8649,0.30283241,0.025114002,0.997140706
500103025,8713,0.30157626,0.030991469,0.99815302
500110006,8796,0.301379198,0.038977168,0.997481895
500111028,8667,0.300945904,0.024310257,0.997551473
500119057,8696,0.300426343,0.029525433,0.995568713
500101033,8778,0.299300015,0.036642122,0.999224185
500108181,8633,0.29859818,0.019949303,0.997307071
500109068,8646,0.298593188,0.023349102,0.998760526
500101248,8695,0.298549502,0.027402281,0.996448316
500108189,8644,0.298215547,0.02085408,0.998210402
500109007,8662,0.297942348,0.026772878,0.99910418
500107113,8669,0.297734444,0.02352955,0.996842287
500113028,8663,0.297700961,0.025185155,0.996210195
500101039,8694,0.297356826,0.027726507,0.998174188
500106047,8616,0.297145837,0.01751768,0.997985408
500104044,8733,0.296752508,0.037956468,0.999101405
500107122,8781,0.295978316,0.035481047,0.997585623
500101028,8697,0.295835277,0.029068456,0.996228488
500111004,8689,0.295679115,0.028699582,0.998965173
500106017,8716,0.295531352,0.030764188,0.99891098
500101104,8762,0.295501544,0.033026701,0.996536291
500106018,8695,0.295413614,0.027079298,0.999634773
500103039,8644,0.295400425,0.024376934,0.999390416
500101218,8705,0.294950262,0.026908446,0.998165116
500107040,8673,0.294758918,0.023875034,0.998746461
500112094,8679,0.294732997,0.024562968,0.995726612
500109079,8626,0.294652131,0.015786032,0.998749905
500106117,8645,0.293203252,0.019198573,0.99861241
500101153,8767,0.292710828,0.037544675,0.997292673
500105019,8627,0.292336172,0.021013253,0.998503501
500105009,8668,0.292134749,0.022526153,0.998274887
500110011,8666,0.291796668,0.024360566,0.99791058
500113086,8636,0.29128295,0.021327235,0.994716479
500112073,8654,0.290785251,0.018373074,0.998185213
500106019,8725,0.290406597,0.033592894,0.9961279
500109036,8732,0.290113803,0.030468087,0.998938095
500106080,8774,0.290068337,0.03730395,0.998140258
500104071,8720,0.290047264,0.031673277,0.996108455
500101026,8692,0.289970468,0.028830293,0.999081774
500111097,8645,0.28987069,0.023910064,0.998047935
500113026,8639,0.2897643,0.022790639,0.99777237
500110071,8783,0.289757267,0.035603701,0.998027454
500111040,8617,0.289736537,0.019151543,0.997141871
500101194,8672,0.289132324,0.025703831,0.998869814
500104036,8642,0.28876116,0.02268385,0.998326513
500103005,8722,0.288722885,0.031635156,0.999288033
500112050,8677,0.287988589,0.027462989,0.998674824
500110088,8736,0.287518681,0.029081464,0.995725067
500119079,8746,0.287212979,0.028068347,0.997813441
500104128,8720,0.287180788,0.029905674,0.99579668
500112113,8687,0.286701421,0.02860584,0.996850814
500109001,8645,0.286191677,0.021605552,0.998207061
500108043,8636,0.285975657,0.018153866,0.995213891
500104112,8663,0.285821038,0.027018085,0.999003841
500109054,8677,0.285370892,0.026515514,0.998730967
500108005,8722,0.285340495,0.03152574,0.999272263
500111081,8606,0.284942355,0.018616469,0.998277998
500108024,8614,0.284642808,0.014654961,0.997086696
500101009,8743,0.284641782,0.031381829,0.995193027
500112042,8680,0.284403764,0.024940203,0.997062969
500101120,8698,0.284236555,0.031016709,0.999084919
500107044,8671,0.284169456,0.02696789,0.99578702
500111073,8678,0.283833633,0.025238178,0.995377561
500112087,8642,0.283634274,0.021837491,0.997851048
500107006,8672,0.283382483,0.025120124,0.992437718
500104027,8642,0.282766875,0.025328955,0.998154275
500101103,8681,0.282730694,0.026695465,0.998778864
500106095,8708,0.282608661,0.030285628,0.997092023
500101158,8715,0.282579603,0.025997181,0.997828201
500112044,8690,0.28247888,0.029004622,0.998070603
500109024,8651,0.282449521,0.023554271,0.998238255
500106110,8770,0.282365199,0.03552176,0.998339019
500107126,8744,0.282151815,0.034107121,0.998424554
500110077,8702,0.281866168,0.026329226,0.998122597
500119064,8698,0.281663235,0.026280869,0.998541952
500110063,8703,0.28152175,0.029703233,0.998599547
500108159,8674,0.281214388,0.024934709,0.996442178
500108001,8653,0.281166359,0.022263724,0.999118581
500106098,8716,0.280955692,0.029239472,0.996335926
500111041,8648,0.280682313,0.022619681,0.997131512
500113063,8679,0.28067972,0.024015574,0.997807879
500111079,8727,0.280216397,0.02964184,0.998360844
500111056,8646,0.280167772,0.017432339,0.998502574
500110068,8632,0.279976652,0.023495827,0.996988534
500101246,8720,0.279826889,0.028425076,0.997984933
500105053,8618,0.27975496,0.014889807,0.997533784
500106023,8688,0.279485304,0.022242307,0.993763539
500101242,8678,0.279060861,0.026124863,0.995512152
500101148,8710,0.278958622,0.031603155,0.9991382
500113047,8682,0.278920239,0.02466467,0.997200227
500112097,8742,0.278898208,0.031602074,0.997586199
500107033,8749,0.278644344,0.033796989,0.995962059
500107089,8754,0.278503963,0.032851894,0.997896438
500113058,8648,0.278399496,0.020235681,0.997687032
500101235,8708,0.278397493,0.026611672,0.995293183
500109042,8632,0.278119397,0.01861467,0.99474846
500112037,8715,0.278065051,0.03373986,0.999252457
500119084,8713,0.27804649,0.030871716,0.9966477
500112102,8712,0.277460961,0.030206038,0.996451143
500104098,8691,0.277128239,0.027536417,0.997384248
500108103,8674,0.276851031,0.02299675,0.997348265
500106069,8749,0.276470452,0.032887597,0.998497046
500113017,8665,0.276258543,0.026881304,0.998820829
500101126,8787,0.276059354,0.03468001,0.998293848
500105005,8806,0.276047258,0.035304387,0.996389219
500112059,8739,0.275364813,0.032390801,0.997744179
500107083,8689,0.275355525,0.029900737,0.998036295
500110093,8600,0.275113584,0.012267984,0.997355626
500111048,8633,0.275106825,0.020663172,0.998624076
500108128,8745,0.275085452,0.030843415,0.99816264
500107167,8704,0.274230236,0.02749506,0.999022843
500106007,8723,0.274043476,0.028950143,0.99857491
500111009,8618,0.274008762,0.019028661,0.999181059
500106001,8617,0.273711632,0.019888882,0.996223911
500107070,8718,0.273267484,0.029388943,0.994978679
500119056,8757,0.273202717,0.030118694,0.987338104
500107111,8681,0.273158213,0.022632857,0.999117413
500107011,8677,0.272998537,0.024611002,0.99836409
500101014,8808,0.272900015,0.037071948,0.992782164
500104051,8627,0.272753582,0.015756462,0.997498143
500101237,8689,0.272112752,0.025711244,0.995743773
500106120,8710,0.272056928,0.028214485,0.998863161
500101005,8812,0.271852312,0.036240876,0.996248949
500103068,8650,0.271846307,0.024575453,0.99621598
500110043,8806,0.271837488,0.036624695,0.995890936
500101196,8721,0.271592088,0.028640272,0.996715248
500104115,8668,0.271576295,0.024029457,0.997279025
500107064,8642,0.271239246,0.01832949,0.999459382
500119060,8729,0.271145691,0.027872673,0.986674906
500101216,8697,0.271144394,0.026510179,0.997876938
500101199,8748,0.271089288,0.031343069,0.996521715
500105003,8716,0.270945095,0.028990363,0.999200749
500106127,8653,0.270848046,0.020846288,0.992654783
500101214,8701,0.270689619,0.026618109,0.997809824
500103026,8729,0.270058745,0.026375931,0.996756038
500112013,8649,0.269764836,0.022475315,0.997721777
500109048,8683,0.26970841,0.024136435,0.998352749
500106058,8760,0.269388823,0.030980251,0.998781934
500107034,8704,0.269353375,0.02941816,0.998652597
500101041,8714,0.269251526,0.027362673,0.998730331
500105014,8661,0.26862167,0.022980879,0.994413857
500106072,8700,0.268545206,0.027612414,0.997976713
500104065,8613,0.268260489,0.015153779,0.997208283
500111016,8639,0.26822728,0.021227669,0.999017099
500110073,8635,0.267532097,0.018562608,0.996541922
500106046,8723,0.267481049,0.02789047,0.994131235
500101254,8700,0.267350374,0.02651366,0.999128484
500101145,8749,0.267221538,0.030068427,0.99326681
500106003,8842,0.266998697,0.034951323,0.992766651
500119063,8686,0.266940463,0.021514196,0.992717427
500105008,8667,0.266760218,0.024518461,0.998849223
500119043,8775,0.266720944,0.031758604,0.999384961
500111022,8653,0.266712323,0.019963932,0.99888885
500119085,8748,0.266387889,0.029239693,0.992857327
500108110,8649,0.266179755,0.020107353,0.998257854
500112063,8748,0.266174132,0.03152332,0.995614444
500108047,8632,0.266109841,0.019288384,0.990557868
500110074,8726,0.265691311,0.028583527,0.996241611
500108023,8675,0.265474276,0.025454813,0.996140512
500106090,8632,0.265427514,0.022665147,0.998614896
500108188,8695,0.26541787,0.027982519,0.999061054
500113073,8634,0.265345012,0.02172506,0.997857728
500112062,8699,0.265276361,0.027643807,0.996028085
500109093,8613,0.265253711,0.017416287,0.997931083
500111051,8643,0.264748297,0.020204616,0.998193836
500103021,8685,0.26410839,0.025665822,0.99887473
500105011,8642,0.263718709,0.019824771,0.99852459
500113008,8702,0.263555279,0.029179759,0.999540216
500108136,8683,0.263517037,0.022367711,0.995322253
500110003,8663,0.26335002,0.022905105,0.997970583
500110025,8659,0.263308739,0.020273819,0.997502985
500110047,8748,0.263259819,0.030376219,0.997472806
500108131,8667,0.262596889,0.021816796,0.996819401
500101031,8789,0.262466049,0.034403378,0.997639877
500107172,8626,0.262384461,0.019191583,0.997784085
500104039,8673,0.262359775,0.025256131,0.998592701
500107031,8675,0.262350681,0.02697484,0.996934323
500105002,8727,0.262222155,0.029171594,0.998378897
500109085,8641,0.262130934,0.020104598,0.997772019
500110009,8803,0.262100778,0.035276983,0.991077051
500103054,8726,0.26170035,0.029388169,0.997677521
500110078,8756,0.261613709,0.0302487,0.99842148
500108151,8654,0.260941767,0.023758628,0.994361512
500111088,8592,0.260840639,0.015736771,0.999234577
500103059,8689,0.260729335,0.027137952,0.999419212
500101234,8664,0.260617825,0.023399469,0.997962119
500103065,8687,0.260541925,0.026010881,0.994808775
500112078,8633,0.260332433,0.02134427,0.998125467
500112003,8749,0.260302902,0.026670655,0.998166506
500107128,8721,0.26024407,0.028672662,0.995429127
500113027,8628,0.259757512,0.017683434,0.996796984
500110022,8641,0.259733016,0.022839428,0.999084427
500111002,8604,0.258400291,0.016694289,0.999608137
500104012,8672,0.258361875,0.024667519,0.997532303
500107035,8663,0.25805576,0.02508901,0.999463651
500105033,8615,0.257973358,0.016128652,0.999125578
500104087,8685,0.257781102,0.028386394,0.998871632
500111046,8773,0.257467933,0.033771131,0.996550181
500101230,8732,0.257212481,0.026712437,0.996861694
500108168,8729,0.257162047,0.027703823,0.995945692
500103066,8701,0.257138558,0.024879231,0.995583886
500103050,8724,0.257032491,0.029951704,0.998172652
500110029,8685,0.25658544,0.026705584,0.996094271
500101147,8698,0.2565844,0.025764579,0.994313857
500112036,8703,0.256530665,0.027281338,0.997651913
500107093,8743,0.256525138,0.027298785,0.998975219
500103042,8760,0.256504181,0.031962921,0.995329753
500113030,8623,0.25555374,0.020381795,0.999221248
500107164,8726,0.255502904,0.026979983,0.996238872
500107045,8775,0.255050269,0.03392207,0.989749243
500109071,8617,0.25500089,0.018375028,0.998831612
500101204,8692,0.254982447,0.024110846,0.992818255
500104024,8649,0.254974057,0.019387433,0.995108411
500104113,8741,0.254929464,0.028672864,0.996196417
500109092,8640,0.254841971,0.021187847,0.997812796
500108083,8651,0.254780849,0.02424993,0.997682865
500101146,8705,0.254201004,0.027431616,0.997918287
500101138,8774,0.254017982,0.035348766,0.999152291
500112027,8605,0.253740274,0.018288863,0.998691093
500104037,8612,0.253593041,0.017656564,0.997040329
500101203,8686,0.253472081,0.026676639,0.998238414
500110056,8719,0.253385588,0.028790171,0.997179778
500108147,8584,0.253372212,0.011790768,0.997255301
500104082,8689,0.253347399,0.024362194,0.995623522
500101003,8690,0.253211175,0.025044074,0.998885997
500111098,8672,0.253083643,0.022686929,0.995900035
500106004,8809,0.252634368,0.033584905,0.99586643
500101129,8706,0.252383058,0.028803814,0.998523687
500107101,8777,0.252336469,0.03163873,0.998572531
500104029,8611,0.251730518,0.018373694,0.997968915
500119072,8717,0.251579408,0.027193109,0.995076482
500105025,8634,0.251574521,0.018805208,0.998673117
500113018,8642,0.251305421,0.018941969,0.994424996
500106074,8733,0.251194884,0.029281919,0.99746075
500109091,8620,0.250925814,0.017200619,0.994424752
500103036,8660,0.250912953,0.020139877,0.997825499
500113025,8666,0.250843939,0.023487826,0.998253243
500111008,8685,0.25060557,0.024698004,0.999315833
500104025,8657,0.250387687,0.021772232,0.992993753
500101236,8641,0.250275653,0.020199794,0.99767227
500107175,8732,0.250231763,0.028487261,0.997884707
500112031,8663,0.250093376,0.021876385,0.999149348
500107142,8711,0.249885915,0.02627073,0.996600754
500108187,8637,0.249832328,0.017077882,0.997542768
500111047,8637,0.249792693,0.018142005,0.998830837
500103058,8691,0.249785906,0.026197043,0.999398887
500104060,8606,0.249462774,0.014074134,0.998009548
500113069,8702,0.249234673,0.022410718,0.998525996
500107105,8648,0.249121525,0.021971177,0.998362923
500113053,8600,0.249116423,0.016667054,0.997719819
500110004,8653,0.248845843,0.022133711,0.998121319
500108117,8681,0.248832679,0.021015063,0.997460049
500107146,8712,0.248411681,0.027453646,0.996008313
500105047,8702,0.248376954,0.025200203,0.996043344
500108122,8648,0.24832832,0.020397471,0.985889011
500113087,8651,0.248088919,0.023212731,0.996915627
500119081,8691,0.248058865,0.025813274,0.997346581
500112047,8638,0.248031515,0.021719804,0.998523199
500106064,8632,0.247302375,0.020097351,0.997865042
500101175,8687,0.24724527,0.024419381,0.995978634
500106085,8673,0.246876193,0.023092855,0.99963842
500101160,8787,0.246497726,0.033813767,0.997238433
500111007,8687,0.245937628,0.025520049,0.998915922
500111014,8692,0.245565454,0.024221641,0.999569193
500107161,8743,0.245097722,0.029527374,0.996730298
500107056,8651,0.244990829,0.020661503,0.998365776
500110042,8718,0.244794659,0.029826482,0.999034222
500110050,8730,0.244754794,0.024901874,0.992090358
500108166,8652,0.2446093,0.018071352,0.992712809
500101198,8754,0.244525494,0.029038973,0.995987168
500109070,8672,0.244150233,0.023086101,0.998662494
500105004,8679,0.244149201,0.022623651,0.999361119
500109033,8664,0.243875178,0.022630867,0.999697599
500108081,8689,0.243026305,0.024598036,0.998234009
500107178,8653,0.242945113,0.019044185,0.998364111
500108062,8601,0.242793075,0.015061136,0.997014713
500106099,8653,0.241973494,0.019864132,0.996364219
500103033,8683,0.241906212,0.026407732,0.998944939
500107075,8716,0.241603205,0.026320694,0.997565775
500101124,8714,0.241322346,0.02619581,0.998548645
500108014,8642,0.24128243,0.020333333,0.996313196
500108038,8637,0.241185343,0.016090753,0.997843227
500101136,8755,0.241103598,0.02988089,0.997566437
500110041,8688,0.240812818,0.026667837,0.999218457
500105035,8662,0.240756145,0.019039983,0.998923022
500113044,8624,0.240494164,0.017838145,0.999627431
500106021,8710,0.240414992,0.023175794,0.999226834
500108086,8623,0.240325172,0.018583807,0.998503764
500113079,8662,0.240179978,0.022710817,0.998532715
500107115,8660,0.240141693,0.022436052,0.998877343
500101223,8707,0.239908072,0.026183848,0.996204277
500112020,8694,0.239760533,0.022260007,0.995500199
500107107,8656,0.239651705,0.021879189,0.995666149
500101135,8717,0.23942222,0.024905516,0.999291322
500101151,8740,0.239265834,0.028895303,0.997960208
500101034,8762,0.239092181,0.028227239,0.998655177
500101239,8684,0.238812961,0.020586558,0.996814161
500105048,8667,0.238802846,0.023547603,0.998728983
500101130,8709,0.238603761,0.025213657,0.997055391
500107137,8719,0.238550473,0.026931239,0.995861544
500104076,8659,0.238076789,0.020503253,0.998785566
500119092,8699,0.238025845,0.025711716,0.99373055
500104084,8684,0.237865324,0.023817557,0.992274831
500101143,8684,0.237602002,0.024904172,0.996281351
500113013,8656,0.237436763,0.024035131,0.997592073
500106086,8617,0.237331029,0.019351981,0.998639267
500105017,8690,0.23707703,0.024356265,0.997094213
500113031,8672,0.237001678,0.022555696,0.997279722
500106124,8700,0.236945234,0.024500479,0.995889509
500104022,8593,0.236825731,0.013344525,0.997935673
500108116,8636,0.236787993,0.017992997,0.993097372
500104114,8669,0.236622674,0.025176568,0.998317944
500107088,8755,0.236531675,0.029273577,0.995183348
500112088,8666,0.236529615,0.022194823,0.995644085
500106060,8695,0.236511912,0.024783726,0.994023254
500113014,8641,0.236329394,0.020884835,0.998324683
500101013,8784,0.236115274,0.029726295,0.993119962
500104042,8628,0.236020964,0.01812476,0.997752884
500101238,8684,0.235956624,0.022730616,0.997915845
500113036,8612,0.235410977,0.016591771,0.998972818
500106108,8643,0.235400215,0.022116067,0.997106783
500101092,8660,0.235387719,0.02024746,0.998601116
500101182,8679,0.235359843,0.024464054,0.998672065
500107095,8591,0.235328831,0.009058666,0.996863536
500113020,8631,0.234956049,0.019265924,0.997460976
500106123,8707,0.234637999,0.025949575,0.9886901
500107037,8708,0.234608933,0.026964018,0.997173316
500108099,8661,0.234339557,0.022154813,0.998882663
500107170,8658,0.234139618,0.021128186,0.998480471
500104028,8688,0.234086006,0.021927659,0.997654611
500111024,8614,0.233988323,0.017456638,0.998662725
500110081,8712,0.233780198,0.02380787,0.996127142
500108191,8616,0.23348472,0.014238045,0.998823606
500108150,8691,0.233289364,0.019786043,0.996824718
500107168,8693,0.233272509,0.022296062,0.998938411
500103002,8649,0.23297518,0.020519424,0.999312809
500106040,8618,0.232767346,0.014822252,0.99884108
500105066,8690,0.232733807,0.022036263,0.997761903
500110051,8718,0.232555122,0.025265734,0.998958259
500106012,8716,0.232539386,0.023699551,0.995705647
500112008,8671,0.232334372,0.02433143,0.999497262
500103041,8608,0.232091426,0.01536346,0.998244588
500119065,8674,0.231910989,0.021329897,0.992723713
500106102,8760,0.231831863,0.030079101,0.998159109
500101244,8700,0.231501787,0.021678065,0.997207998
500101184,8757,0.230677469,0.028453372,0.9958413
500107149,8646,0.230630028,0.019294761,0.99683616
500105089,8601,0.230132267,0.014392183,0.998958121
500103049,8678,0.230109229,0.021924867,0.995449377
500108138,8616,0.230106727,0.010900969,0.996969418
500105086,8630,0.230077089,0.016142314,0.997346472
500112089,8719,0.229969182,0.02731223,0.998681364
500107043,8682,0.229815653,0.024163326,0.997006097
500113001,8635,0.22976692,0.020556489,0.994656881
500101222,8698,0.229592641,0.026365956,0.996818137
500109063,8673,0.22915367,0.022518198,0.997104971
500105022,8656,0.229058515,0.021385923,0.999259758
500107147,8656,0.229013748,0.021311939,0.996393388
500106027,8628,0.22845681,0.018590944,0.997394217
500103064,8672,0.228383663,0.022333468,0.997562507
500112002,8729,0.228022639,0.024697743,0.996093557
500111071,8611,0.227908597,0.016702667,0.998930233
500107159,8707,0.227622236,0.024714297,0.996912889
500107163,8683,0.227512602,0.020948098,0.995943214
500110059,8661,0.227053278,0.020643674,0.998703102
500107009,8706,0.226930757,0.02344521,0.997946428
500106087,8648,0.226759855,0.018909093,0.996623843
500105055,8675,0.226560628,0.022205168,0.999200381
500110034,8625,0.22648177,0.019918783,0.998367928
500103078,5307,0.22627883,0.01676308,0.999108383
500109044,8648,0.226001097,0.017692198,0.995725143
500110058,8733,0.225974839,0.027974885,0.993807362
500101256,8628,0.225896925,0.016332939,0.997873289
500106043,8679,0.225636412,0.021512735,0.998717449
500101154,8694,0.225609705,0.02473522,0.998133316
500112117,8643,0.22549019,0.019801794,0.997590039
500101091,8690,0.225463045,0.022469993,0.999228631
500107090,8670,0.224948041,0.019701942,0.997777879
500104006,8622,0.224937999,0.01654195,0.996667494
500109040,8668,0.224806917,0.0196152,0.997800974
500101165,8688,0.22476334,0.025694387,0.998127446
500111050,8663,0.224329421,0.020533899,0.996291555
500101118,8722,0.224211185,0.026076266,0.996663332
500103029,8704,0.224113862,0.022793513,0.991304502
500101157,8694,0.224095949,0.023285068,0.997352331
500107150,8688,0.223939663,0.02177728,0.998527244
500107179,8584,0.223901904,0.011898552,0.998745847
500107085,8713,0.223889177,0.024265169,0.996977193
500106011,8693,0.223485575,0.020984374,0.998514595
500107072,8672,0.223310499,0.022497356,0.997862539
500110072,8732,0.2232631,0.025005748,0.998492002
500107165,8696,0.222569745,0.023834119,0.997211843
500101180,8709,0.222356286,0.023844792,0.99540156
500107143,8739,0.222349706,0.027977058,0.99528095
500103052,8667,0.222098849,0.022598977,0.999319803
500101152,8730,0.22193429,0.02623635,0.999135657
500105087,8622,0.221771341,0.014917904,0.997672807
500106002,8688,0.221098246,0.023252488,0.997685243
500101004,8731,0.220960592,0.025748845,0.995839618
500101097,8620,0.220829929,0.019439175,0.999541889
500111057,8681,0.220548687,0.021116486,0.997850446
500101224,8673,0.22035684,0.02179098,0.998270562
500104137,8582,0.220316702,0.01039979,0.99830303
500101177,8700,0.220155339,0.025198352,0.995819412
500109004,8680,0.219861024,0.021030837,0.997793722
500109099,8706,0.219603632,0.022482905,0.998523153
500107041,8651,0.219452113,0.020857597,0.999219485
500113002,8642,0.219049594,0.021920871,0.997973504
500110067,8664,0.218782102,0.020752174,0.998931993
500112124,8665,0.218703243,0.017433795,0.996955738
500101211,8671,0.218464387,0.021250836,0.998869097
500119007,8709,0.218273234,0.020573468,0.999079583
500108095,8576,0.218272279,0.010616857,0.998385489
500113009,8641,0.217984738,0.01850723,0.998508671
500108153,8659,0.217863853,0.01554667,0.997248602
500108094,8644,0.217797651,0.017091239,0.994920844
500109037,8658,0.217588869,0.021296813,0.999520237
500113046,8651,0.217583042,0.019152025,0.998782022
500101007,8716,0.217470289,0.02396342,0.993572444
500108006,8672,0.21744172,0.020787933,0.99873186
500105027,8582,0.217402588,0.013730047,0.998634272
500101040,8655,0.217151569,0.019763903,0.998071372
500105061,8745,0.216848257,0.025105872,0.999211343
500106097,8661,0.216846037,0.019330708,0.998958934
500108073,8607,0.216824729,0.01481699,0.997252899
500107047,8680,0.216779349,0.020814823,0.996286066
500105071,8747,0.216712024,0.02719178,0.997717357
500107157,8620,0.216520423,0.014763612,0.999227267
500108106,8647,0.216325598,0.018335415,0.998444525
500106114,8716,0.215707545,0.022629054,0.997143062
500112006,8652,0.215568705,0.019106912,0.999539452
500105030,8657,0.215436327,0.018841439,0.997964981
500110028,8677,0.215434082,0.023170157,0.999595041
500105012,8608,0.215420448,0.013723765,0.999180439
500108204,8632,0.2153376,0.014318196,0.99825465
500111049,8612,0.215311877,0.012103905,0.997721704
500113057,8650,0.21530388,0.018488478,0.999249668
500104105,8618,0.215200111,0.013974956,0.994625048
500101122,8640,0.215145306,0.017853542,0.989758475
500101228,8691,0.215120518,0.023720063,0.998717873
500103056,8626,0.214956746,0.016642611,0.995482484
500104050,8578,0.214902983,0.01080241,0.997106853
500108089,8662,0.214592623,0.021132417,0.998579499
500106039,8688,0.214442555,0.020904285,0.999245797
500106015,8715,0.214417157,0.021627249,0.99661846
500111001,8651,0.214396141,0.018473383,0.997765693
500110035,8662,0.214332347,0.020779381,0.998926407
500101188,8598,0.214076469,0.016276942,0.998597913
500106044,8641,0.214073331,0.019639066,0.998605879
500110076,8663,0.214060036,0.018748086,0.999119155
500107001,8667,0.214049865,0.019829564,0.995604754
500111094,8621,0.213840598,0.014479043,0.995457087
500104013,8644,0.213538422,0.015738569,0.99767074
500104059,8648,0.213432535,0.01816434,0.997033041
500111062,8641,0.213421359,0.017663311,0.999328091
500101185,8717,0.21300766,0.026435586,0.998934759
500101102,8686,0.212826066,0.02480097,0.99851345
500101253,8685,0.212797579,0.020759029,0.997966003
500111017,8611,0.212775164,0.013766965,0.999054923
500101243,8708,0.212722771,0.023446535,0.998146078
500105109,8710,0.212374293,0.021586256,0.997367804
500109057,8600,0.212218646,0.016373062,0.998975912
500111026,8650,0.211574011,0.018269923,0.998755824
500104126,8623,0.211466843,0.01398649,0.997055862
500108088,8639,0.211333515,0.014665818,0.997912112
500107103,8671,0.211322692,0.021741437,0.997351774
500113071,8641,0.211113218,0.015633486,0.995716852
500107106,8706,0.211055982,0.020937572,0.99645701
500101132,8676,0.210956817,0.022084185,0.999770695
500111055,8642,0.210533816,0.019145813,0.999161234
500101176,8600,0.21030238,0.013236332,0.996717745
500106096,8669,0.210062638,0.021931057,0.998573755
500107097,8692,0.209942711,0.020823404,0.998757285
500106113,8693,0.209543365,0.023996275,0.996163241
500103060,8663,0.209220358,0.017845358,0.998668358
500106131,8631,0.209116192,0.016235717,0.996960191
500107135,8674,0.208383868,0.01949162,0.990289667
500108121,8624,0.208272184,0.01282684,0.998810901
500106104,8720,0.208265149,0.023570069,0.994329283
500107185,6061,0.208040299,0.018358797,0.998247452
500104132,8631,0.2077529,0.015702529,0.998777547
500104111,8647,0.207425436,0.018868834,0.996117505
500101215,8704,0.207054962,0.022021607,0.997429418
500108194,8642,0.206822745,0.013858675,0.998232285
500107084,8679,0.206322451,0.022197239,0.996028392
500107091,8642,0.206150486,0.017826983,0.997318321
500108140,8609,0.206110076,0.016007813,0.997657839
500108068,8618,0.205861645,0.016765046,0.998886734
500110030,8670,0.205806602,0.020084102,0.998616147
500106016,8688,0.205730113,0.019335961,0.99446631
500106125,8632,0.20553938,0.017744594,0.997413225
500101042,8776,0.205429263,0.026155979,0.997518049
500107069,8693,0.205374417,0.023143756,0.997894177
500108185,8653,0.204614063,0.018387939,0.997226188
500112053,8655,0.204349095,0.020116066,0.99865487
500105032,8636,0.204277955,0.018684618,0.999423984
500113029,8650,0.20418055,0.018701429,0.997420973
500113075,8617,0.204088732,0.015613419,0.996610183
500108172,8643,0.204087909,0.015365575,0.997432864
500106061,8671,0.203953273,0.0206736,0.997876823
500106063,8654,0.203512564,0.017005566,0.998739237
500108031,8690,0.203300539,0.019946155,0.995790009
500108035,8601,0.203215276,0.012571348,0.998234031
500107019,8601,0.203113008,0.013526115,0.999671055
500113052,8647,0.202953338,0.020359123,0.99775224
500111068,8673,0.202908253,0.017674084,0.999196933
500101257,8655,0.202899105,0.018719323,0.998758085
500101231,8625,0.202819275,0.015482995,0.99916928
500109035,8645,0.202806192,0.019042819,0.998324158
500107087,8695,0.202405714,0.020933689,0.998803769
500106030,8662,0.202360038,0.017098836,0.998357062
500111075,8642,0.201842344,0.016682134,0.996849795
500103023,8679,0.201792924,0.020803642,0.999179442
500109009,8651,0.201294907,0.018003699,0.996247887
500105024,8665,0.20127128,0.018259031,0.998961884
500105050,8626,0.20122923,0.017103225,0.998639372
500111087,8678,0.201162441,0.017509822,0.993945656
500101186,8747,0.200837369,0.024809096,0.998332299
500105015,8711,0.200646681,0.022072623,0.997228038
500104061,8585,0.200599451,0.010122234,0.996587434
500111045,8601,0.200239574,0.015365326,0.999207008
500112096,8663,0.199926418,0.018520836,0.998567149
500107156,8671,0.199424728,0.020875466,0.998024177
500110082,8642,0.19918321,0.018708343,0.998045098
500112055,8718,0.198763626,0.022455903,0.999235251
500119062,8624,0.198414336,0.014859202,0.992895456
500111015,8641,0.198230738,0.018662809,0.999348232
500103019,8643,0.198227922,0.018775695,0.998228706
500103013,8654,0.198021915,0.019317829,0.998388428
500101208,8704,0.197951937,0.021554841,0.997107793
500104054,8610,0.197534077,0.014213686,0.998235824
500101259,7028,0.197474051,0.018186729,0.997220697
500101197,8667,0.197259234,0.016639047,0.995992918
500106037,8623,0.197055116,0.015948736,0.998931013
500108061,8655,0.196967832,0.016427721,0.998504172
500101008,8710,0.196953671,0.021488784,0.995815311
500101037,8742,0.19662179,0.024253116,0.998718689
500113004,8650,0.196449654,0.019169359,0.997242123
500101247,8649,0.196386649,0.017550545,0.998024412
500107141,8678,0.196296532,0.02068593,0.99832068
500106107,8658,0.196203577,0.020789366,0.998166806
500108119,8622,0.195939313,0.014631952,0.995731025
500109014,8617,0.195811126,0.01507522,0.998869226
500109072,8575,0.195700364,0.010667736,0.998841494
500101012,8701,0.195472041,0.020907444,0.994676556
500107065,8686,0.195306712,0.020634894,0.995101774
500104018,8703,0.194684015,0.021705963,0.996388063
500112116,8645,0.194672201,0.016798901,0.998775184
500109086,8644,0.194535316,0.015786364,0.999367723
500108019,8616,0.193931997,0.013075223,0.998685315
500110070,8748,0.193831434,0.022406531,0.997061672
500107181,8588,0.193751467,0.011431067,0.999469357
500108016,8628,0.193313356,0.014745847,0.999248922
500105020,8643,0.193053496,0.013982587,0.99912414
500105068,8643,0.192997812,0.016305527,0.994761622
500110090,8613,0.192890978,0.01329053,0.999198373
500101202,8683,0.192810698,0.019781058,0.998650262
500104033,8648,0.192635126,0.018289951,0.997800971
500113090,8607,0.192612046,0.016000487,0.999558332
500111124,967,0.192453752,0.021378835,0.977269823
500108015,8707,0.192294579,0.020350238,0.995602361
500109006,8611,0.192280935,0.014714977,0.999444358
500104034,8650,0.192241426,0.018928527,0.996535598
500107051,8662,0.191931173,0.018974159,0.999496023
500101021,8773,0.191753472,0.024646548,0.9913734
500112079,8655,0.191668833,0.019596504,0.998100506
500104030,8582,0.191604913,0.011386526,0.996722195
500107039,8693,0.191500585,0.023117519,0.996263182
500104139,1944,0.191339122,0.023031379,0.983015401
500105067,8687,0.191310489,0.019890153,0.996155723
500107110,8704,0.191121799,0.021407144,0.997329742
500108064,8675,0.191049863,0.020027294,0.995293451
500111010,8664,0.190947547,0.018611669,0.999368652
500113051,8608,0.190855514,0.012367753,0.998908861
500107018,8627,0.190826634,0.017040995,0.99897903
500104074,8659,0.190804305,0.019790238,0.999469839
500113080,8602,0.190316859,0.012214291,0.996753627
500101142,8688,0.190293544,0.021349448,0.999298012
500107139,8669,0.190234372,0.01880809,0.998056671
500109055,8590,0.1900581,0.013910505,0.999069642
500101098,8612,0.190030806,0.013223816,0.998483972
500111120,5316,0.189529088,0.015217049,0.997579531
500108009,8622,0.189273168,0.013825165,0.999618559
500101015,8660,0.189272984,0.019280287,0.998394498
500101258,7036,0.18920047,0.019657476,0.998385875
500104020,8660,0.189078927,0.018831568,0.997292679
500112090,8719,0.189023285,0.020166705,0.996950025
500101205,8667,0.188929421,0.017970636,0.998875892
500113059,8579,0.188865702,0.011355325,0.999300812
500108105,8622,0.188055788,0.013067695,0.998335669
500110069,8659,0.187602194,0.018063614,0.998692885
500101200,8675,0.187512225,0.02029195,0.997598596
500107053,8659,0.187488499,0.017726461,0.997492762
500103012,8601,0.187484125,0.013480923,0.99914032
500110045,8598,0.187297001,0.014940936,0.999028328
500101029,8629,0.18652238,0.016700868,0.997790684
500107049,8620,0.186340737,0.015205491,0.997774646
500109052,8625,0.186072623,0.015815406,0.997766346
500113033,8648,0.186063202,0.016066856,0.998562659
500109039,8622,0.185900308,0.017331594,0.999192516
500111029,8610,0.185883298,0.012394862,0.997595968
500112106,8633,0.185827651,0.016161589,0.997460761
500107152,8642,0.18562385,0.016636782,0.998675719
500105081,8626,0.185447721,0.016271737,0.998965123
500105079,8626,0.185259234,0.01414976,0.996835654
500107020,8632,0.184428896,0.016554371,0.999168673
500107002,8607,0.184428671,0.014010437,0.997994132
500106073,8623,0.184414068,0.015818064,0.998226076
500106089,8704,0.183922352,0.021154776,0.99882641
500112095,8630,0.183631202,0.015199426,0.999157264
500104019,8656,0.183569463,0.015006007,0.998806325
500104109,8602,0.183512697,0.014260056,0.996750522
500101093,8688,0.183427863,0.01909304,0.998913293
500107121,8616,0.182969777,0.01432428,0.997986599
500113062,8647,0.182935086,0.01593358,0.997862233
500108165,8637,0.182898646,0.014827467,0.999371942
500112084,8675,0.182688571,0.019189933,0.999218744
500103075,8583,0.182635419,0.011250221,0.998304096
500107068,8682,0.182453502,0.02023328,0.99808297
500108178,8633,0.182335623,0.013828777,0.997645126
500108071,8628,0.181796834,0.014519648,0.999690903
500109051,8632,0.181689678,0.015630296,0.998498673
500111036,8600,0.181617526,0.013868062,0.998724018
500111080,8660,0.181393446,0.016471596,0.997702681
500107112,8632,0.181163301,0.014892253,0.999128591
500107173,8643,0.181114775,0.016111505,0.997565114
500110085,8663,0.181034417,0.018228481,0.997647394
500107026,8632,0.180779385,0.014831289,0.996855155
500107054,8691,0.18072616,0.020574204,0.998512345
500101018,8766,0.180675519,0.022468687,0.982564499
500108066,8587,0.180618277,0.010293314,0.998376352
500105026,8635,0.180592563,0.016268462,0.999431476
500101187,8670,0.18054365,0.018803032,0.997899559
500106119,8652,0.180509415,0.017967021,0.999153381
500106100,8659,0.180473254,0.016229126,0.998082226
500107174,8648,0.180467695,0.018425069,0.997646846
500108076,8653,0.180400054,0.0152389,0.998246176
500109022,8608,0.180372512,0.013893374,0.999784526
500107030,8642,0.180286643,0.01617035,0.999233657
500108002,8581,0.180221232,0.009537738,0.998292364
500106128,8629,0.180164647,0.015823174,0.999259069
500107166,8645,0.179869411,0.015523856,0.998777661
500107042,8623,0.179766711,0.015608624,0.9990249
500110010,8678,0.179738756,0.017121489,0.997806372
500111072,8614,0.179734259,0.015044211,0.99929681
500103073,8649,0.179698726,0.016207481,0.996791846
500119091,8619,0.179546751,0.01566344,0.998391458
500106083,8618,0.1794937,0.014738899,0.999551693
500113005,8657,0.179373925,0.018231123,0.998604788
500107131,8682,0.179288245,0.017963836,0.997677375
500104001,8628,0.179272642,0.014432959,0.998101013
500101252,8696,0.179265203,0.021073444,0.996747076
500107127,8663,0.179260567,0.016818558,0.997957254
500105031,8628,0.179039578,0.014227534,0.999279028
500111039,8596,0.178992455,0.012274195,0.99873174
500113007,8659,0.178988921,0.017550597,0.997975147
500113060,8575,0.178857218,0.009935324,0.997601107
500111021,8659,0.178756737,0.015868205,0.999191062
500108049,8622,0.178575289,0.013449064,0.999610699
500101119,8650,0.17855329,0.017339194,0.998517425
500110026,8696,0.178312556,0.019279978,0.998371192
500106133,8617,0.178132893,0.014160665,0.99847645
500113077,8643,0.178116598,0.015778692,0.997283511
500103055,8687,0.178111453,0.019671252,0.998427591
500107138,8659,0.178082544,0.015926344,0.999234534
500107099,8692,0.17769319,0.018535509,0.995306466
500108045,8618,0.1775911,0.013112014,0.998981528
500103062,8636,0.17753424,0.015299483,0.996493897
500106093,8660,0.177520266,0.016494809,0.995137746
500104100,8597,0.17707711,0.011862801,0.996319389
500109060,8658,0.177050617,0.018676465,0.998076978
500109078,8653,0.177003623,0.017635001,0.997427961
500109016,8594,0.176832755,0.01027823,0.998371235
500106111,8627,0.176660194,0.014241818,0.99799208
500105046,8595,0.176541698,0.01057549,0.996979473
500109104,8627,0.176474912,0.013840366,0.998044286
500109101,8625,0.176426841,0.016058377,0.999664742
500109050,8608,0.176310377,0.012153888,0.999308075
500108050,8604,0.17608452,0.014015187,0.996728844
500104125,8671,0.17595978,0.017846615,0.998108766
500108112,8629,0.175552934,0.013376201,0.998017992
500111025,8611,0.175357896,0.012011657,0.996620177
500109041,8585,0.175334064,0.011588934,0.998376574
500113041,8625,0.174960247,0.014871575,0.999427904
500106078,8652,0.174685811,0.014944544,0.998864138
500111117,8593,0.174668931,0.009279472,0.998514255
500107074,8672,0.174416944,0.018588146,0.998180687
500107066,8639,0.174336652,0.016013961,0.999142197
500106103,8705,0.174256541,0.018197262,0.996748021
500104045,8602,0.17411836,0.012437002,0.99913776
500104121,8657,0.174002651,0.018061588,0.998069438
500107182,8650,0.173951485,0.015031715,0.997946346
500105111,8603,0.173732595,0.012262583,0.998831218
500109059,8587,0.173514034,0.011643686,0.998756516
500109077,8663,0.173511244,0.017292278,0.998167294
500104119,8633,0.173492985,0.014078323,0.99732867
500110087,8659,0.173213727,0.015884783,0.998686026
500107100,8625,0.173188226,0.013265604,0.997440945
500107124,8663,0.173152805,0.016365534,0.994502253
500107177,8692,0.172394313,0.018075357,0.999374756
500109047,8591,0.172283408,0.009840869,0.998930498
500101225,8692,0.172261419,0.016773163,0.997990233
500106134,8593,0.172248308,0.009838008,0.998775236
500108036,8611,0.172167668,0.011518271,0.999210756
500108018,8630,0.171785178,0.014215527,0.998961916
500111078,8632,0.171649726,0.014363435,0.996984684
500110012,8624,0.171486427,0.014701801,0.998409086
500107184,8648,0.171356869,0.016178962,0.997193333
500109028,8630,0.171153733,0.014213403,0.998787415
500101213,8662,0.171087198,0.018457458,0.999118574
500107130,8597,0.170775314,0.011050793,0.999164256
500105013,8645,0.170617792,0.016362569,0.999176285
500108010,8589,0.170509084,0.011139927,0.998051145
500111074,8606,0.170483901,0.012908436,0.999043564
500111076,8636,0.170228276,0.015102459,0.99874977
500107134,8687,0.170213458,0.018262743,0.99791885
500113074,8635,0.170186373,0.013338738,0.998493123
500101219,8606,0.170014473,0.011521549,0.997777975
500105074,8646,0.169944174,0.015197603,0.998140452
500107158,8619,0.169938356,0.014543605,0.998332996
500101227,8620,0.169650273,0.015041203,0.99887412
500109010,8575,0.169646383,0.010600952,0.999387226
500113072,8601,0.169415625,0.009333295,0.997923305
500107003,8578,0.169014208,0.010281057,0.994907652
500111018,8608,0.168989189,0.012826543,0.998248095
500109020,8582,0.168859622,0.010378797,0.999419116
500109018,8612,0.16824318,0.013603383,0.996538326
500109002,8624,0.168104998,0.013460826,0.998041265
500104088,8649,0.168026734,0.016304076,0.998492797
500104110,8607,0.167869297,0.012871746,0.996027799
500110079,8652,0.167663664,0.015759857,0.998443945
500107109,8636,0.167202199,0.013950286,0.998254124
500104002,8607,0.166492401,0.013466849,0.997599603
500103032,8616,0.166441779,0.012785128,0.997371596
500108190,8625,0.166294531,0.013397971,0.998648622
500106028,8625,0.166218766,0.015088928,0.997138023
500110080,8631,0.16608921,0.014548527,0.997156606
500109076,8640,0.165928615,0.014799518,0.999710036
500106041,8655,0.165808485,0.01603549,0.998375073
500108063,8653,0.165600204,0.015889059,0.997667609
500108090,8583,0.165494961,0.009045788,0.996169619
500109061,8648,0.165444944,0.016635561,0.996670152
500112091,8631,0.165280841,0.011652628,0.995944028
500104081,8640,0.165224353,0.01421929,0.99855067
500105043,8624,0.165179282,0.01228527,0.99787742
500106020,8643,0.165111127,0.015540919,0.998697815
500104106,8649,0.164957817,0.015696111,0.998186932
500108174,8655,0.164783095,0.016843154,0.99915026
500105006,8663,0.164764044,0.016738081,0.998351602
500106130,8640,0.163795711,0.014710378,0.998253533
500113016,8622,0.163378615,0.013446667,0.997977822
500104078,8610,0.16337631,0.013683566,0.997425472
500108008,8638,0.16336618,0.014121266,0.997927868
500106026,8618,0.163289861,0.01319817,0.99882551
500113015,8648,0.163037043,0.015138895,0.995902585
500107171,8630,0.162885244,0.011905562,0.999463419
500108146,8646,0.162856317,0.014813462,0.998910987
500108054,8609,0.162736709,0.013800441,0.999418895
500112114,8691,0.162710162,0.018075645,0.99856212
500112004,8595,0.162276992,0.009214931,0.998904823
500104090,8609,0.16177483,0.013726023,0.999200935
500103071,8645,0.161187989,0.015552979,0.998119525
500111006,8630,0.161158379,0.012433739,0.997973431
500104048,8577,0.161133978,0.01032,0.998542568
500101140,8667,0.161078529,0.018000464,0.999644928
500107071,8616,0.16103528,0.013952754,0.998494642
500101016,8710,0.161017472,0.018555115,0.996306024
500109105,8616,0.160728855,0.012412577,0.998740565
500110016,8646,0.160677371,0.015820745,0.998153034
500111096,8618,0.160601257,0.01305825,0.999115506
500104120,8671,0.160532416,0.014656666,0.997383019
500103007,8641,0.160479947,0.015963516,0.997982796
500107125,8613,0.160396568,0.013502283,0.998051852
500104130,8613,0.160305254,0.012613027,0.997327633
500104040,8627,0.160250031,0.014873595,0.999055149
500111114,8649,0.159933237,0.014919784,0.999375291
500108182,8603,0.159888409,0.012154868,0.99849492
500105029,8636,0.159643926,0.014482226,0.999287381
500104079,8603,0.159553649,0.01020737,0.998278774
500108161,8602,0.159322125,0.009327767,0.998929591
500108092,8615,0.158747937,0.012369298,0.998736474
500107080,8645,0.158514048,0.016027935,0.998203297
500111093,8621,0.158331741,0.012686038,0.995722857
500103046,8655,0.158082787,0.016987216,0.999077669
500104124,8636,0.157801263,0.01381608,0.998309562
500108055,8627,0.157389691,0.01206834,0.998239783
500112118,8669,0.156624671,0.01698535,0.999173279
500101036,8658,0.156564672,0.015416251,0.998854211
500109062,8565,0.156500374,0.00837626,0.998778661
500113088,8625,0.15625925,0.01297428,0.999251783
500112123,8647,0.155989032,0.015378436,0.996524783
500106008,8606,0.155883496,0.013758366,0.999211295
500112028,8622,0.155675642,0.014050781,0.99914051
500108051,8585,0.155660079,0.009432537,0.999708158
500105040,8596,0.155501179,0.009735342,0.99840043
500108021,8691,0.155499981,0.01784576,0.999364748
500107162,8654,0.155479075,0.016143652,0.998950375
500106122,8591,0.155410656,0.012165483,0.998654363
500108160,8608,0.155392182,0.011076266,0.997020746
500108077,8584,0.155206083,0.009968177,0.999233955
500105082,8617,0.15478577,0.012057174,0.998310032
500107046,8649,0.154696904,0.015256138,0.998600925
500111089,8599,0.154581246,0.01081839,0.998818958
500107176,8641,0.154415411,0.0149209,0.997930729
500108171,8594,0.154059286,0.010343651,0.997211938
500103063,8664,0.154055532,0.016920437,0.998201999
500108096,8602,0.153813062,0.009787491,0.998443821
500106129,8591,0.153788222,0.011863947,0.99963515
500104016,8651,0.153509613,0.015526066,0.998768028
500108120,8625,0.153485237,0.011211594,0.998412538
500107160,8613,0.153470666,0.012714015,0.99921902
500111091,8639,0.153190098,0.013049543,0.998984789
500107120,8640,0.153009557,0.015260568,0.996717483
500107007,8659,0.152808986,0.01515831,0.998840095
500111058,8599,0.152806192,0.011475559,0.998948926
500108152,8630,0.152576225,0.012648121,0.997427483
500109074,8586,0.15253878,0.009712439,0.998111541
500107079,8618,0.152265458,0.013537499,0.999097826
500107032,8626,0.152251312,0.013660967,0.99946048
500107086,8616,0.152137753,0.013042899,0.997435287
500107081,8591,0.152019983,0.011034981,0.998642818
500110027,8662,0.152001493,0.014431754,0.998657759
500119082,8594,0.1518595,0.012313015,0.997052014
500105106,8616,0.151643581,0.01145825,0.999251214
500107116,8619,0.151365541,0.013331507,0.999652259
500109082,8593,0.151188938,0.011009484,0.99716882
500113048,8683,0.150976906,0.016287875,0.997711361
500111032,8609,0.150915169,0.013231308,0.999277437
500112086,8652,0.150905499,0.015399869,0.998563361
500110055,8678,0.150786163,0.016865541,0.997422188
500108030,8639,0.150607975,0.012766543,0.998278734
500106088,8637,0.150583518,0.01510125,0.999034428
500113037,8621,0.149961892,0.012677164,0.99854283
500111086,8656,0.149748825,0.013355572,0.997744388
500108141,8633,0.149662899,0.011933053,0.998960476
500103022,8663,0.149533358,0.016366798,0.998386827
500108179,8577,0.149525927,0.009803,0.99927722
500107058,8615,0.149395677,0.012172606,0.998629304
500119078,8675,0.149150767,0.016446916,0.99580474
500103074,8583,0.148941071,0.009411239,0.999575273
500106109,8639,0.148814972,0.015027472,0.998594736
500103069,8676,0.148604612,0.015563297,0.998588244
500109095,8603,0.14837614,0.010017862,0.99922729
500108170,8685,0.148354108,0.015763385,0.99878698
500108139,8609,0.148286998,0.010837534,0.997970375
500101149,8680,0.148168811,0.014691178,0.99754515
500108183,8626,0.148079093,0.010969839,0.999225573
500101250,8684,0.14775093,0.016993518,0.998496149
500107061,8617,0.147686379,0.014321477,0.999535357
500111085,8643,0.147192795,0.012899046,0.998271985
500113056,8600,0.147021631,0.010671512,0.998773188
500107102,8646,0.146845301,0.014472249,0.999128678
500111077,8608,0.146730941,0.011476995,0.998558358
500103070,8650,0.14650003,0.014902967,0.999329179
500108091,8587,0.146485972,0.009011878,0.998292112
500107154,8655,0.146481886,0.013069883,0.99728233
500113006,8603,0.146364911,0.01195043,0.999014463
500111044,8585,0.14618499,0.0093298,0.999294796
500108107,8629,0.145787619,0.012335844,0.999237613
500113061,8575,0.14546125,0.008543104,0.998954094
500107052,8669,0.144917061,0.015069396,0.998874332
500108056,8612,0.144893937,0.011927833,0.999468562
500106115,8624,0.144311976,0.012776573,0.999388988
500111027,8572,0.144275705,0.009459169,0.9992746
500104015,8597,0.144029718,0.011222791,0.998502309
500108032,8666,0.143923626,0.014056716,0.997714259
500108157,8583,0.1439078,0.011032254,0.998226504
500104092,8602,0.143797168,0.01102294,0.997310401
500105021,8624,0.143787789,0.012073507,0.999611484
500107108,8659,0.143592351,0.013430227,0.997462123
500105090,8600,0.143301526,0.011074564,0.9996134
500107180,8615,0.143217178,0.011157007,0.999037229
500107169,8572,0.142954255,0.008409648,0.999401489
500111116,8601,0.142617487,0.00925435,0.999728743
500109005,8644,0.142228152,0.013447131,0.999126773
500107153,8591,0.142030694,0.010968949,0.996219299
500104140,1938,0.141998719,0.01420915,0.998360268
500108109,8599,0.141443415,0.008825783,0.997471414
500109073,8583,0.140979914,0.010114354,0.998051765
500106101,8621,0.140940358,0.012128581,0.999469009
500111061,8599,0.140480375,0.011177327,0.999038328
500109109,8578,0.140467157,0.008609816,0.998919769
500113085,8609,0.140306322,0.011204349,0.998570786
500112111,8654,0.140281184,0.014201242,0.999462973
500106094,8642,0.1399792,0.012911479,0.999021422
500109066,8594,0.139565078,0.010662323,0.999527147
500109067,8586,0.138926419,0.010169248,0.998276609
500106031,8639,0.138843754,0.013315044,0.999010315
500108164,8615,0.138694333,0.010501451,0.998546522
500109029,8598,0.138288358,0.01030136,0.998346192
500105097,8602,0.138169511,0.008736473,0.997356365
500110086,8633,0.138158657,0.013489652,0.999493496
500105039,8623,0.137390504,0.011173917,0.998723642
500104103,8635,0.137105787,0.011552417,0.998473611
500104096,8598,0.136971907,0.010610618,0.998389582
500108156,8610,0.136883527,0.011272571,0.998258513
500104026,8681,0.136853315,0.015003225,0.999263712
500107183,8612,0.136775257,0.010506754,0.998495357
500103072,8627,0.136725504,0.012389939,0.998734375
500109102,8535,0.136367483,0.003442414,0.997735832
500104089,8600,0.136103733,0.010612422,0.999219536
500104058,8583,0.136035788,0.009220067,0.999234066
500108123,8580,0.136002609,0.008848057,0.998245591
500104097,8592,0.135987803,0.010176618,0.993331
500104102,8631,0.135714557,0.012680705,0.998246561
500108129,8624,0.135688295,0.011107124,0.998993242
500109087,8583,0.135663838,0.00921294,0.999277287
500109013,8593,0.135610541,0.009746208,0.999523369
500105041,8615,0.135527397,0.009978874,0.998946019
500113003,8658,0.135304528,0.013780632,0.997929884
500108132,8552,0.135177749,0.004888915,0.999073786
500112120,8583,0.134797468,0.008718008,0.999082276
500108133,8599,0.134728852,0.007549444,0.998713216
500104123,8598,0.134366986,0.01053559,0.999429191
500108145,8608,0.13436519,0.009584177,0.996603206
500109098,8588,0.134346006,0.008938344,0.998546796
500111063,8630,0.134335655,0.012069042,0.998698291
500105091,8639,0.134254067,0.012597098,0.998282702
500111043,8604,0.134154721,0.010841275,0.999449898
500104056,8605,0.133953022,0.010361766,0.998679901
500108013,8613,0.133867528,0.010655327,0.999187633
500110095,8573,0.133301381,0.007542337,0.999269458
500108142,8600,0.133248978,0.008676357,0.998715421
500108176,8589,0.132652703,0.008668025,0.999226895
500105059,8626,0.1324181,0.010947195,0.999047733
500108004,8608,0.132032978,0.010416086,0.998692351
500106138,8590,0.131945919,0.009430074,0.999453724
500108169,8571,0.131833673,0.007378874,0.999380959
500109089,8628,0.131791527,0.012225622,0.998991515
500107082,8621,0.131701195,0.011403641,0.999306018
500108124,8585,0.131396983,0.009856694,0.998935489
500109096,8575,0.131043029,0.008785792,0.998625009
500104062,8625,0.130852601,0.011677469,0.999004864
500108206,5317,0.130838317,0.011404081,0.998088311
500108085,8618,0.129654841,0.009479451,0.999026071
500108186,8574,0.129585424,0.006460928,0.999584469
500107123,8667,0.129498991,0.0136156,0.999020428
500104116,8614,0.129139519,0.011912623,0.998470781
500105076,8595,0.129094975,0.009528893,0.998946259
500108067,8626,0.12872185,0.011037179,0.999495556
500113055,8636,0.128150084,0.012400869,0.998428926
500104049,8585,0.127940539,0.008372161,0.998021207
500105095,8639,0.127437089,0.011979897,0.998858626
500108154,8657,0.127299724,0.012238915,0.998937073
500108058,8610,0.127106652,0.0091223,0.999419655
500104099,8621,0.12702667,0.011616904,0.998965599
500107096,8646,0.126929032,0.012082196,0.998948833
500109030,8600,0.12659698,0.010328372,0.999271481
500105084,8585,0.12650386,0.008189866,0.999488836
500111052,8582,0.12638304,0.007747009,0.997913226
500108060,8619,0.126307938,0.011019569,0.999572418
500112108,8589,0.126201565,0.009949559,0.999587704
500106079,8606,0.126080043,0.011565071,0.998860175
500110083,8610,0.125695699,0.008399284,0.998580008
500105094,8613,0.125655196,0.009095456,0.999119954
500110031,8617,0.125627183,0.011055552,0.999608536
500107117,8645,0.125498424,0.012599463,0.998778067
500108148,8572,0.125239142,0.008021854,0.997501842
500113032,8597,0.12497549,0.009867066,0.999048266
500108199,8608,0.124880463,0.010529043,0.999033999
500119008,8602,0.124483219,0.01050589,0.996458505
500108127,8583,0.123783467,0.008423007,0.997790599
500113010,8613,0.123672797,0.010988157,0.999398837
500108041,8592,0.123385756,0.00817202,0.999477952
500108118,8601,0.123335655,0.009810775,0.999714035
500109012,8580,0.1231782,0.006397572,0.999492034
500108046,8584,0.122461782,0.008730002,0.999582753
500103006,8621,0.122408708,0.011607895,0.999049683
500113083,8582,0.122373837,0.009956809,0.998594816
500104053,8591,0.12229588,0.009320122,0.998503874
500111053,8597,0.122180333,0.007857004,0.999263333
500105096,8615,0.121908152,0.010064558,0.999063241
500107104,8596,0.121330964,0.008523931,0.996435548
500119080,8606,0.120981246,0.010816822,0.997663124
500105057,8616,0.120955634,0.008289887,0.997976312
500112098,8638,0.120897115,0.013111233,0.998845017
500104129,8577,0.120866004,0.006624222,0.999056316
500105073,8644,0.120808203,0.011130752,0.998966538
500105075,8617,0.120737882,0.010323256,0.999046733
500109049,8625,0.120596586,0.010729179,0.999302952
500108143,8567,0.120501333,0.006015719,0.996933573
500108052,8615,0.119375096,0.009300616,0.99932243
500110098,8620,0.118843327,0.010670244,0.999426401
500105107,8562,0.118598938,0.006609534,0.999708611
500105085,8603,0.118200343,0.009040974,0.998277305
500111067,8640,0.118125908,0.010227761,0.999400229
500109094,8568,0.118012038,0.008207477,0.998965676
500105036,8611,0.117915447,0.009821875,0.999762228
500110053,8590,0.117878346,0.009611952,0.999363211
500105038,8604,0.117710093,0.009414533,0.999526294
500104047,8583,0.11762667,0.008449892,0.999100281
500105098,8600,0.117607591,0.00977876,0.999034726
500103061,8584,0.117148886,0.008664492,0.999440755
500104135,8631,0.116888847,0.011167743,0.999647194
500105108,8569,0.116834928,0.006897246,0.999679943
500103076,8576,0.115372769,0.007556417,0.999396951
500105101,8583,0.115100787,0.00773797,0.99931886
500104117,8603,0.115023606,0.009320973,0.999570675
500111090,8593,0.114748062,0.00824999,0.999187249
500105077,8631,0.114688023,0.010613718,0.998723344
500105083,8591,0.114528135,0.008165561,0.998554116
500113054,8567,0.114521733,0.007173401,0.99853253
500113091,8613,0.114461619,0.010086461,0.999113595
500105049,8587,0.114314451,0.008728934,0.999125207
500110096,8573,0.11430482,0.006632451,0.998619183
500113089,8597,0.113930003,0.008361463,0.998676961
500108029,8606,0.113910483,0.00907702,0.999593925
500109026,8625,0.113271048,0.010701372,0.999242414
500106141,967,0.113040869,0.012122544,0.998274484
500109056,8566,0.112730418,0.007887229,0.999656863
500108162,8583,0.11267806,0.006509487,0.998668214
500111059,8587,0.112623816,0.009078812,0.999364899
500104063,8598,0.112353401,0.007858378,0.998586537
500107119,8587,0.11228988,0.008875985,0.998870231
500108203,8580,0.112023534,0.006624709,0.9995807
500111095,8629,0.111998936,0.010624754,0.999267372
500111030,8581,0.111984202,0.007764829,0.999487773
500109100,8594,0.111638185,0.007958072,0.998721665
500111042,8628,0.111388775,0.010863632,0.999432796
500105063,8600,0.111281299,0.008659554,0.998562015
500105037,8611,0.111076691,0.008487477,0.99961345
500104086,8587,0.111045972,0.008248457,0.998198586
500108195,8587,0.110847211,0.007130546,0.998990521
500109080,8567,0.109562998,0.006309774,0.998507669
500112005,8562,0.109249657,0.007367282,0.999072024
500108201,8574,0.109144036,0.007395226,0.999563593
500105044,8583,0.108722246,0.005811779,0.999432733
500105092,8604,0.108512789,0.009241554,0.999293112
500110097,8592,0.108492521,0.008560017,0.999731797
500107098,8615,0.108230879,0.008867322,0.997946223
500108072,8572,0.10821403,0.007804635,0.998858074
500107004,8555,0.107124846,0.006359517,0.998740791
500104095,8586,0.107020228,0.009336808,0.999474086
500104005,8578,0.107013431,0.008525453,0.99958931
500107067,8612,0.106826174,0.00881129,0.998775982
500104070,8604,0.10677027,0.008605261,0.998886527
500104094,8570,0.105800826,0.006946577,0.998652627
500108059,8558,0.105596287,0.00583828,0.998332191
500105102,8608,0.105037714,0.008439146,0.998484918
500108177,8554,0.10463629,0.005273887,0.999642147
500108108,8605,0.103399748,0.008454968,0.998901457
500106137,2899,0.103244167,0.011364436,0.99876042
500104080,8570,0.103216105,0.006880455,0.997837997
500108134,8571,0.102951879,0.005248221,0.997286179
500105072,8598,0.102831449,0.008145189,0.999622423
500108048,8583,0.10265557,0.007789332,0.999484208
500101245,8583,0.102587178,0.007357359,0.999538027
500105110,8588,0.101876083,0.008136353,0.999218545
500104101,8577,0.101823258,0.00841007,0.998901279
500113081,8581,0.101641477,0.007230509,0.999433542
500103003,8578,0.101614158,0.009035809,0.999183604
500104122,8567,0.101427251,0.005813668,0.998634639
500111084,8594,0.100849692,0.008506464,0.999402411
500105056,8615,0.100169187,0.009414054,0.998842556
500108034,8596,0.099845775,0.007296029,0.99838863
500109088,8597,0.099725187,0.008876139,0.999416173
500106142,953,0.099631009,0.00656873,0.998423826
500104083,8592,0.099587507,0.007702824,0.999521107
500108069,8546,0.099499347,0.003802071,0.999131338
500105104,8546,0.098753613,0.004853245,0.999186543
500108158,8607,0.098057968,0.008730297,0.998429907
500108102,8607,0.097770303,0.008005809,0.998955653
500107129,8582,0.097705077,0.007862386,0.999641641
500113070,8581,0.097335733,0.007063363,0.999494597
500104136,8558,0.097240831,0.005629625,0.999145116
500110092,8589,0.097014722,0.00773188,0.999602112
500105060,8585,0.096147858,0.007561783,0.999133515
500108111,8590,0.095621785,0.007611945,0.99968884
500111082,8589,0.095151212,0.00718545,0.998953885
500107055,8588,0.094909232,0.008927573,0.99945423
500105103,8581,0.094668439,0.007142291,0.999741658
500104133,8570,0.094106421,0.005290407,0.999221883
500104064,8577,0.093804233,0.006775427,0.999581498
500111083,8597,0.093594683,0.007520904,0.999003125
500104052,8586,0.09324115,0.00639644,0.999117828
500108205,5299,0.092452077,0.007367113,0.999648049
500104134,8587,0.092344073,0.00788469,0.999575035
500105042,8571,0.091972346,0.006365224,0.999422784
500108202,8581,0.089288936,0.006648448,0.999672097
500108167,8603,0.089230239,0.007621992,0.999448877
500111123,5299,0.089204412,0.008154841,0.999365686
500105034,8563,0.088986239,0.006039044,0.999505906
500108115,8580,0.088690764,0.006052778,0.99961823
500107145,8607,0.08859358,0.008774428,0.999349495
500105064,8580,0.088198152,0.006160645,0.999400178
500105112,8548,0.087550733,0.005733407,0.99949945
500111066,8580,0.087422311,0.006125078,0.999321026
500111113,8593,0.087409366,0.006598918,0.999600512
500105080,8593,0.086428779,0.006299973,0.999737823
500108079,8595,0.086033963,0.006498255,0.999079721
500108039,8605,0.085812187,0.008126942,0.999567963
500109017,8563,0.085513446,0.005479583,0.999690316
500105054,8568,0.085111541,0.005628657,0.999428179
500108075,8588,0.085062132,0.006640327,0.999461952
500111121,5265,0.084701952,0.00491453,0.99921577
500108040,8579,0.084346311,0.006242278,0.99911128
500105088,8573,0.083802145,0.006132412,0.99941708
500108135,8616,0.083636854,0.006792305,0.999458231
500108037,8590,0.083568212,0.006208634,0.999174798
500108097,8544,0.081834677,0.004378316,0.999809517
500104066,8560,0.081408234,0.005724026,0.999589719
500108196,8561,0.081200888,0.005074758,0.999431763
500111064,8574,0.080951959,0.006387956,0.999651196
500105051,8565,0.080875957,0.004379554,0.999043327
500109103,8580,0.080382988,0.005984266,0.999534991
500104118,8566,0.079995655,0.005166064,0.998984955
500109111,8573,0.079113169,0.005615751,0.999042557
500108137,8584,0.07878462,0.005581411,0.99976923
500109097,8568,0.078752169,0.005532913,0.999489462
500111092,8588,0.078724865,0.006703559,0.999297764
500113092,1911,0.077455447,0.004894907,0.999331589
500111054,8570,0.076432041,0.004816647,0.99963001
500111115,8556,0.075737028,0.004695613,0.999679334
500109107,8578,0.074687408,0.005358922,0.999762839
500108074,8579,0.07448413,0.005961641,0.999606307
500105114,8555,0.073256092,0.004836022,0.999576147
500108126,8545,0.072308997,0.004647552,0.999769455
500108197,8573,0.071963603,0.005672616,0.999577066
500108104,8551,0.071936143,0.004092582,0.999595115
500104131,8552,0.071196596,0.004875136,0.999320127
500109106,8547,0.070678693,0.004446055,0.999774265
500108078,8548,0.070614326,0.004684003,0.999846783
500107016,8546,0.069884077,0.004354532,0.999919264
500108193,8575,0.069818057,0.005147911,0.999675051
500104069,8529,0.069749785,0.003613554,0.999638663
500108175,8554,0.069364725,0.004178446,0.999500386
500104067,8557,0.068976833,0.004095477,0.99915714
500108192,8552,0.067562401,0.003568171,0.999555152
500105100,8573,0.066056098,0.004826879,0.999449417
500108200,8584,0.065493335,0.00486636,0.999693347
500105058,8575,0.064986619,0.004052728,0.999411754
500109108,8568,0.06413518,0.004903825,0.99985545
500108144,8555,0.062888596,0.00410452,0.999022861
500108087,8567,0.062697019,0.004537275,0.99971466
500111118,8558,0.062486614,0.003900055,0.999689265
500105045,8568,0.061976106,0.00387996,0.999632129
500108173,8536,0.061722739,0.003193338,0.998689291
500104068,8560,0.061127942,0.004716219,0.999401377
500109084,8570,0.059964622,0.004474135,0.999735314
500108184,8559,0.059583177,0.003531487,0.999818029
500105113,4335,0.059355393,0.005932976,0.99946201
500108065,8560,0.055769961,0.003790012,0.999643634
500108012,8540,0.052035452,0.003000962,0.999758433
